#dragendb_gene	uptodate_gene
RP11-426L16.8	LINC01356
RP5-1022P6.3	EIF4EP1
RP11-479O17.7	DPY19L2P5
RP11-1109M24.16	LINC02002
AC006045.3	GTF3AP5
BAATP1	ACNATP
PNMAL1	PNMA8A
RP11-20B7.1	LINC02005
RP11-503N18.1	CFAP99
AC009302.4	RPL23AP28
RP11-511B23.1	LINC02413
RP11-80K21.3	LINC01516
SPTY2D1-AS1	SPTY2D1OS
TMPRSS4-AS1	SMIM35
TCEB1P5	ELOCP5
ATP5G2P3	ATP5MC2P3
RP11-600F24.1	RPSAP5
CPEB2-AS1	CPEB2-DT
RP11-430L17.1	RPL22P3
RP11-379B8.1	LINC02542
AC021016.8	CATIP-AS2
RP11-305P22.9	LINC01749
RP11-137L10.5	RPS26P41
RP11-54O7.3	LINC02593
RP1-288M22.2	LINC01626
AC105053.4	ST3GAL5-AS1
C1orf213	ZNF436-AS1
CTC-276P9.1	C5orf66-AS1
RP11-432M8.9	TAF11L12
RP5-1027O11.1	LINC01773
ZNF33AP1	ZNF33CP
ILF3-AS1	ILF3-DT
CTD-2016O11.1	LINC02065
TCEB1P2	ELOCP2
RP11-24I21.1	LINC02355
RP11-722M1.1	LINC02505
CTD-2643I7.1	BGLT3
TXLNG2P	TXLNGY
AL034548.1	ZCCHC3
RP11-327J17.1	LINC02157
RP11-473M20.7	MMP25-AS1
AC145436.1	SERPINE4P
LA16c-321D4.1	RPL23AP86
CTD-2318B16.3	MTND3P13
ADC	AZIN2
RP11-436I9.3	VDAC2P2
LINC00238	CCDC196
RP11-415D17.1	UBE2V1P15
AC108056.1	LINC02264
RP11-245M24.1	LINC01204
AC105761.1	LYARP1
RP11-677N16.1	MORF4L1P3
AC010146.1	SMC4P1
MAGEA9B	MAGEA9
RP1-37N7.3	LINC02076
C17orf62	CYBC1
C6orf100	LINC01556
RP11-282C5.1	LINC02534
RP1-1J6.2	PLCG1-AS1
C19orf45	TEX45
CTD-3193O13.9	PRR36
RP11-59J16.1	LINC01471
AL160471.6	RPSAP13
AL133493.2	LINC01694
RP11-165P7.1	ARNTL2-AS1
KIAA1683	IQCN
RP11-646E18.2	LINC02031
RP11-106M3.1	RPL12P35
AC016739.1	RPSAP25
RP11-632F7.1	ARL4AP2
CTD-2203A3.1	LINC02118
RP11-946L20.2	LINC01608
GPR123-AS1	ADGRA1-AS1
CECR5	HDHD5
RP5-944M2.2	LINC02350
CTD-2143L24.1	LINC02112
CTD-2061E9.1	LINC02103
AC007403.2	LINC01799
RP3-437I16.1	LINC01756
RP11-63H19.5	MTND4LP31
RP11-2N5.1	LINC02215
CTB-175P5.2	CDC42EP3P1
RP11-451G4.1	LINC01487
CTD-3193O13.10	LYPLA2P2
CENPVP1	CENPVL1
CTD-2296D1.5	LINC02142
RP11-781D11.1	EIF1P2
AC003664.1	LINC02093
MED14-AS1	MED14OS
RP11-669N7.3	TMEM132D-AS2
RP11-231C14.4	NPIPB12
RP11-510M2.1	LINC02136
RP11-215H22.1	LINC01616
RP11-382N13.5	SNRPCP20
ATP5LP7	ATP5MGP7
C12orf55	CFAP54
CTD-3001H11.1	BICRA-AS1
RP11-567L7.6	LINC01476
RP11-190I17.4	BOD1P2
RP11-734I18.1	LINC02506
RP5-899B16.1	FILNC1
GPR125	ADGRA3
MTL5	TESMIN
AC113610.1	LINC01817
RP11-425I13.2	NDUFB4P9
RP11-658F2.3	C1QBPP2
RP11-1029J19.5	LINC02320
RP11-136K7.2	LINC02197
DIRC2	SLC49A4
RP11-619L19.2	TCF4-AS2
RP11-367G18.2	RPS27AP11
RP11-428G5.2	RPL12P32
RP13-653N12.1	LINC02369
C11orf83	UQCC3
ATP5A1P6	ATP5F1AP1
AC104654.2	LINC01914
RP11-60I3.5	STX17-AS1
RP11-121L11.3	LINC02162
FAM101A	RFLNA
FAM212B-AS1	INKA2-AS1
C3orf83	MKRN2OS
RP5-1051J4.4	BET1P1
RP11-346D6.4	RPL31P44
RP1-153P14.8	LINC02520
SLMO2P3	PRELID3BP3
RP11-44N21.1	LINC02298
AC009960.2	MTCO2P17
RP11-309H21.2	LINC01680
ADRBK2	GRK3
CTC-534A2.2	SHLD3
RP11-249M12.2	LINC02214
RP11-211N8.7	LINC01189
RP11-401A10.2	PRR13P1
AC005077.12	GTF2IP7
7SK	RN7SKP299
RP11-305O4.1	NDUFS6P1
RP11-3N2.8	MTATP6P18
RP11-403F21.3	TCEA1P3
RP11-204N11.1	LINC02312
RP11-394D2.1	ACTG1P19
AC010096.2	LINC01808
AC004791.2	LINC01835
RP5-1022P6.4	LINC01729
AC104654.1	LINC01913
ATP5F1P2	ATP5PBP2
RP11-528A4.2	LINC02038
TMEM180	MFSD13A
RP4-754E20__A.5	LINC01639
CTD-2095E4.1	WDR45BP1
AC097374.4	MTCO3P45
AC011242.6	C1GALT1C1L
RP11-307I14.4	ECM1P1
RP1-99E18.2	ARL4AP5
TCEB1P34	ELOCP34
RP11-337C18.7	RPL7AP15
RP11-516A11.3	AKIRIN1P2
RP11-12L8.1	LINC01649
LINC00568	FALEC
AC006547.14	CCDC188
RP11-674N23.2	TOMM20P3
RP11-536G4.1	LINC02410
LL22NC03-80A10.11	ASH2LP3
RP1-60O19.2	LINC02526
RP11-462L8.1	ITGB1-DT
ORAOV1	LTO1
RP11-345K20.2	RPL26P6
KIAA1644	SHISAL1
RP11-752G15.9	ACTG1P17
RP11-442N24__B.1	LINC01715
RP11-838N2.3	LINC01895
RP11-64I17.1	LINC01493
RP11-1L12.3	BBOX1-AS1
RP11-107P7.4	UBTFL9
RP11-354K1.1	LINC01693
RP11-162O12.2	MYL12BP2
RP11-369C8.1	LINC02303
KIAA0196	WASHC5
RP11-387D10.3	LINC01585
C15orf38-AP3S2	ARPIN-AP3S2
RP11-646E20.6	TMPRSS11BNL
RP11-152F13.3	GOLGA2P10
RP11-428G5.5	LINC02422
C6orf195	LINC01600
RP11-226F19.1	RPS29P1
RP11-197K3.1	ZBTB20-AS5
FAM179B	TOGARAM1
C1orf85	GLMP
RP11-318C24.1	RPS29P5
C21orf119	URB1-AS1
RP11-335O4.1	LINC02442
RP11-522L3.9	MTND6P32
GS1-590J15.1	PDCL2P1
RP11-24B13.1	RBM17P3
RP11-318E3.4	RPL12P28
RP11-24J23.2	ROR1-AS1
CTC-575C13.1	BNIP3P20
RP11-351J23.2	LINC02538
FAM46D	TENT5D
AC010731.4	FAM237A
RP11-157B13.6	BNIP3P30
MIR2117	MIR2117HG
AC009960.6	MTND4LP17
C9orf141	PRR31
GS1-410F4.4	LINC01479
AC092661.1	LINC01378
RP11-116A1.1	LINC02161
ZNF767	ZNF767P
CASC5	KNL1
RP4-655J12.4	LINC01762
AC069394.1	LINC01832
AC016629.8	MZF1-AS1
MINOS1P3	MICOS10P3
CTD-2330J20.1	MTCO3P23
TSSC1-IT1	EIPR1-IT1
RP11-385J23.1	EIF1P7
hsa-mir-3171	MIR3171
RP11-361A21.1	RPSAP50
AL591704.9	S100A7P1
HIAT1	MFSD14A
CCDC108	CFAP65
SRPR	SRPRA
HEXDC	HEXD
RP1-197O17.2	PNKDP1
C4orf22	CFAP299
RP11-417E7.2	LINC02544
RP11-11C20.1	BTF3P1
TRNAS30P	NMTRS-TGA3-1
AF228730.7	SNRPCP15
ACPT	ACP4
AC090043.1	RPL23AP38
RP11-540E16.2	TEMN3-AS1
RP11-248E9.5	LINC02258
XXbac-BPG154L12.4	TSBP1-AS1
AC003051.1	LINC01483
RP11-196P2.1	LINC01442
RP11-103G8.1	SNRPCP3
RP11-946L20.1	MTCO1P47
RP11-60A8.2	LINC02230
CTC-313D10.1	LINC01957
ZNF271	ZNF271P
PAPD5	TENT4B
AC107622.1	SGO1-AS1
RP4-601K24.1	LINC01362
C9orf37	ARRDC1-AS1
RP11-290F20.1	LINC01270
RP11-318I4.1	LINC02379
RP11-139K4.2	LINC01995
CTD-2316B1.2	LINC02144
PRAMEF9	PRAMEF15
RP11-476M19.2	LINC02417
5S_rRNA	RNA5SP506
U4	RNU4-89P
RP11-728B21.3	LAPTM4BP2
AZI1	CEP131
HDHD1P2	PUDPP2
KB-1836B5.3	RPL12P48
RP11-434C1.3	DDX55P1
C1orf145	OBSCN-AS1
RP4-669L17.1	RPL23AP24
RP11-295P22.1	ACTR3BP1
RP11-1008C21.1	LINC02345
C20orf196	SHLD1
RP11-10B2.1	MTCO1P53
CTD-2547E10.2	SMG1P3
RP11-280O24.1	ATP5PDP3
RP11-147N17.1	C3orf67-AS1
RP11-451N19.1	RPL12P36
FAM86A	EEF2KMT
RP11-445P17.5	RPL26P28
AC093326.1	LINC01874
LYRM5	ETFRF1
RP11-37O16.4	MTCO2P15
RP11-14K3.2	C1QL1P1
RP11-212I21.2	MMP2-AS1
RP11-9E13.4	RPL26P29
RP11-48F14.2	LINC02051
AL035610.2	LINC01695
AC093901.1	THORLNC
RP11-350G8.3	RPSAP17
AC087431.1	RPSAP32
RP11-414B7.1	CDK4P1
LOC100421166	SEC24AP1
GNB2L1	RACK1
ZNRD1-AS1	ZNRD1ASP
PTCHD2	DISP3
AC010091.4	DDX43P3
AC011737.2	RPL12P16
TRIM49D2P	TRIM49D2
AC093415.2	ITGA9-AS1
C7orf55	FMC1
XAGE2B	XAGE2
RP11-179A18.1	RPSAP29
RP11-309E23.2	SLC14A2-AS1
SEPP1	SELENOP
RP11-105C20.3	DUXAP11
RP11-261C10.2	SEPT14P21
RP11-274K13.5	E2F6P4
FAM58CP	CCNQP2
Y_RNA	RNY1P16
Y_RNA	RNY1P14
RP4-534P7.2	MTCYBP14
RP1-69M21.2	LINC01647
AC108142.1	TENM3-AS1
AC073869.7	MTCO1P18
MXRA5P1	MXRA5Y
AC016682.1	LINC01818
RP1-265C24.5	ZNF602P
RP11-202A13.1	LINC02000
MINOS1P4	MICOS10P4
AC195454.1	LINC02265
RP11-557J10.3	NCOA4P3
RP11-627H22.9	MTCYBP17
RP11-799P8.1	LINC01467
AC003973.6	BNIP3P28
RP11-433J8.2	LINC02299
CTD-2501O3.2	SYPL1P1
RP11-157D6.1	B3GNTL1P2
RP11-370B11.1	CLIC4P1
C9orf172	AJM1
RP11-487I5.4	RPS26P42
RP11-341A11.2	GXYLT1P3
RP11-395P17.3	SLC25A25-AS1
RP11-125D12.2	LINC02529
RP11-62F24.2	BNC2-AS1
AC006026.10	CLK2P1
CTC-661I16.1	RPL23AP91
CTD-2117L12.1	LINC02108
ATP5L	ATP5MG
RP1-13P20.6	LINC01527
RP1-8B22.1	DYNLL1P3
RP11-707A18.1	LINC02232
AC025811.2	BNIP3P32
AC073869.8	MTCO2P18
RP11-60H5.1	LINC01964
RP11-488I20.7	FRG2HP
C20orf62	LINC01620
RP11-152P17.2	ZFPM2-AS1
CTD-2201E18.4	PRELID3BP5
RP11-80F22.9	FRG2DP
RP1-137D17.1	LINC02519
DFNA5	GSDME
AC005682.7	RPL12P10
RP11-672L10.4	BOLA2P1
RP11-386B13.3	LINC02436
CTD-2621I17.6	LINC01864
RP11-1033H12.1	LINC02319
CTB-134H23.2	NPIPB10P
RP11-128P17.1	LINC01928
SAR1P1	SAR1AP1
ADORA2BP	ADORA2BP1
RP11-23B15.1	PTCSC2
RP11-141M1.1	LINC02344
TCEB1P16	ELOCP16
RP1-30G7.2	LINC01186
RP11-366I13.3	RPL11P4
5S_rRNA	RNA5SP357
CTD-3203P2.2	NSMCE1-DT
C7orf73	STMP1
CTD-3025N20.2	LINC01299
RP11-452N4.1	LINC01591
RP11-396F22.1	CPNE8-AS1
PVRL2	NECTIN2
GAREML	GAREM2
RP11-421P23.1	LINC02153
RP11-436F9.1	LINC01445
RP11-693J15.5	LINC02397
RNMTL1	MRM3
RP11-366I21.1	PPIAP33
RP11-204M4.2	FGF7P3
LL0XNC01-116E7.2	TMSB15B-AS1
AC093106.7	EEF1B2P6
AL365331.2	VDAC2P3
C2orf57	TEX44
Metazoa_SRP	RN7SL803P
RP11-41O4.1	LINC01909
RP11-366M4.3	APELA
RP11-63H19.6	MTCO3P28
U6	RNU6-91P
RP11-475O23.3	FAM3D-AS1
EPT1	SELENOI
RP11-760N9.1	L3MBTL4-AS1
LINC00854	CCDC200
AC084125.4	TONSL-AS1
C1orf132	MIR29B2CHG
RP11-235D19.2	RPS27AP6
AC064834.2	LINC01825
KIAA0947	ICE1
MIR4773-2	MIR4773-1
RP11-274M4.1	MTRF1LP2
RP11-363E7.3	MAP1LC3BP1
AC087073.1	LINC01867
RP4-665J23.2	LINC01763
RP11-28P17.3	RPS27AP15
MIR4776-2	MIR4776-1
RP11-731I19.1	RPL23AP34
OR4A8P	OR4A8
RP11-714L20.1	LINC02172
RP11-213G21.2	LINC02278
EMCN-IT1	LINC01218
PPP2R4	PTPA
RP11-630C16.1	LINC02400
RP1-28O10.1	HSD11B1-AS1
RP11-715G18.3	PHBP16
RP11-2F9.3	RPS8P10
AC007557.1	LINC01921
AC013733.5	SAP18P2
AC005517.3	PPIAP53
RP11-65J21.3	MIR193BHG
TMEM110	STIMATE
RP11-226P1.2	LINC02311
CT60	LINC01193
FRMPD2P2	FRMPD2B
RP11-174G17	IGSF21-AS1
INMT-FAM188B	INMT-MINDY4
RP11-663P9.2	NDUFB4P12
AC096670.3	ACOXL-AS1
AC018463.5	PPIAP60
RP5-837O21.1	MTCO1P21
LPPR3	PLPPR3
AC004562.1	LINC01497
DEFB109	DEFB109C
SMIM11	SMIM11A
RP11-476O21.1	RNF138P2
RP11-68I18.2	RPS29P29
LINC01105	SILC1
AC007392.3	LINC01798
PYCRL	PYCR3
AC007246.3	MAP4K3-DT
RP11-127B16.1	LINC02531
AC005007.3	RPL23AP52
RP11-392A23.4	GSTA11P
TCEB1P7	ELOCP7
RP11-110H1.1	PRR13P4
LINC00263	OLMALINC
RP11-597D13.9	FAM198B-AS1
RP11-62I21.1	KIF26B-AS1
RP11-14P20.1	LINC01925
ZNF788	ZNF788P
AC012487.2	GCC2-AS1
CTC-235G5.1	SAP18P1
MRP63	MRPL57
DEFB130	DEFB130B
RP11-846F4.9	MTCO3P13
FAM188B2	MINDY4B
7SK	RN7SKP290
RP11-772E11.1	BOLA3P3
DGCR14	ESS2
AC019129.2	PDSS1P2
RP11-51O6.1	RPS27AP16
RP11-226P1.3	EEF1A1P2
CTD-2522B17.5	DUX4L45
METTL21B	EEF1AKMT3
RP11-196D18.4	SAPCD2P4
AC005152.3	ROCR
C12orf44	ATG101
AC006552.1	LINC02260
RP11-146N18.1	LINC01924
TCEB3	ELOA
HEATR2	DNAAF5
RP11-454C18.2	AADACL2-AS1
AC093375.1	LINC01876
RP11-543D5.1	LINC01738
AC023672.2	LINC01593
RP11-925D8.6	MTCYBP23
GRAMD2	GRAMD2A
LEPREL1	P3H2
CXCL1P	CXCL1P1
LINC01021	PURPL
RP11-266K4.1	DEFB109F
RP11-1E3.1	LINC01340
C5orf42	CPLANE1
RP11-221N13.3	LINC02454
SETD8	KMT5A
RP4-779E11.3	LINC01433
AC006196.1	LINC01790
RP11-579E24.1	LINC01289
AC079586.1	LINC01854
AC097711.1	KPNA2P1
RP11-766F14.2	C4orf54
RP11-451H23.3	LINC02222
RP11-98L5.2	LINC01502
RP11-354H21.1	LINC02077
RP11-460N20.7	MTDHP1
DFNB31	WHRN
RP11-227P3.1	GTF2IP11
SNORA42	SNORA80E
RP5-1172A22.1	LINC01638
AC092295.7	ZNF529-AS1
RP11-490H9.1	RFC5P1
RNVU1-8	RNU1-151P
C15orf57	CCDC32
IGKV2OR2-7	IGKV2OR2-7D
RP11-351M16.1	RPSAP10
RP4-816N1.1	RPL23AP14
C14orf159	DGLUCY
RP11-114M5.3	PPIAP85
MINOS1	MICOS10
MUM1L1	PWWP3B
C17orf72	PRR29
RP11-127L21.1	LINC02578
WBSCR28	TMEM270
C1orf63	RSRP1
CASP16	CASP16P
AC006539.4	BNIP3P13
CTD-2318B16.1	MTATP6P24
RP11-16L9.4	LINC01221
RP11-846F4.1	MTCYBP13
RP11-420J11.2	LINC02053
AC097499.1	LINC01889
TMEM14D	TMEM14DP
RP11-473L15.3	LINC02224
AC092156.3	MTCO1P44
RP5-1109J22.1	FAAHP1
CTD-2008A1.2	SORD2P
RP11-96C21.1	LINC02205
RP11-321F6.1	LINC01169
MYEOV2	COPS9
RP5-874C20.3	ZSCAN26
RP11-404E6.1	DPP3P2
U6	RNU6-87P
U1	RNU1-30P
FAM150A	ALKAL1
AP000344.3	LINC01659
RP11-254B13.3	ATP5PDP4
AC017083.2	PPIAP64
RP11-536C10.1	RPL22P20
HIST2H2AA4	HIST2H2AA3
AC137934.1	LINC02193
C19orf59	MCEMP1
RP4-747G18.5	RPSAP46
ATP5LP4	ATP5MGP4
RPSAP56	RPSAP58
RP3-337H4.8	POLH-AS1
C1orf110	CCDC190
CTD-2568P8.1	LINC02322
AC021021.2	LINC01824
FAIM3	FCMR
WDR16	CFAP52
FAM96B	CIAO2B
RP1-241P17.1	DANT1
RP11-355N15.1	LIPC-AS1
RP11-617F23.1	ZNF710-AS1
RP11-108B14.4	PSME2P6
RP11-169D4.1	LINC01537
DEFB130	DEFB130A
RP11-401E14.2	LINC02543
INTS4L1	INTS4P1
C5orf45	MRNIP
AC006987.7	DUX4L31
KIRREL	KIRREL1
RP11-375A20.1	MTCYBP38
LSP1	LSP1P1
U6	RNU6-85P
AC012457.2	LINC01381
RP11-598F7.1	FAM138D
RP5-834N19.1	LINC01780
RP11-475J5.5	MTCO1P22
RP11-122C21.4	PRR13P7
AC011322.1	RPSAP69
AP000946.2	LINC01683
AC091652.2	PAXBP1P1
AC004074.3	TOMM20P4
RP5-1068E13.7	LINC00653
CTD-3105H18.10	MTCO1P27
AC007403.1	LINC01628
RP11-340A13.2	LINC02429
RP11-366O20.5	RPSAP76
RP11-165F24.2	RPL12P25
RP11-56M3.1	NUDT9P1
RP11-254B13.4	RPL10P12
CTGLF10P	AGAP10P
CTA-342B11.2	LINC02558
RP11-768G7.2	LINC02024
AL807752.1	MAN1B1-DT
RP11-180P8.2	TRMT112P3
RP11-439A17.5	RPL22P6
AC073465.3	PPIAP66
BAIAP2-AS1	BAIAP2-DT
RSG1	CPLANE2
AC062016.2	MTCYBP39
RP11-849I19.1	LINC01896
AC116035.1	LINC01985
RP11-208N20.1	LINC02276
RP11-313F23.5	DUX4L27
RP11-810K23.5	ZNF519P2
C6orf1	SMIM29
C14orf166B	LRRC74A
LINC00969	MUC20-OT1
RP1-90G24.10	SLC5A4-AS1
RP11-545M17.1	SEC23A-AS1
RP11-259G18.2	MAPK8IP1P1
RP11-495K9.7	LINC02414
RP11-330M2.4	PTMAP11
RP11-752L20.5	LINC02507
ATP5S	DMAC2L
RP11-508O18.1	LINC02047
RP11-322J23.1	LINC02382
MLK4	MAP3K21
RP5-828K20.2	LINC01427
AC019100.3	LINC01594
Y_RNA	RNY1P11
CTC-281M20.1	LINC01951
FLJ45079	LINC01973
BRE	BABAM2
TMEM261	DMAC1
RP1-166H4.2	RUNX2-AS1
AC016735.3	LINC02590
AC002553.4	RPL22P21
RP11-288L9.1	LINC02574
RP4-598G3.1	LINC01360
AC007000.12	SPDYE18
RP11-575C20.1	GTF3AP1
KB-1507C5.2	AZIN1-AS1
RP11-16N2.1	LINC02271
CTD-2015G9.2	LINC02188
RABL5	IFT22
NRD1	NRDC
RP11-72K17.2	MTCYBP40
hsa-mir-6080	ARHGAP27P1-BPTFP1-KPNA2P3
RP11-508P1.2	LINC01489
RP11-844G16.1	HMGB1P33
RP11-958F21.1	LINC01894
ATHL1	PGGHG
RP11-277B15.2	LINC01363
TMEM2	CEMIP2
RP11-474P12.3	FXNP2
RP11-455B3.1	LINC02234
RP11-153M7.1	WDR45P1
AC079776.2	PLAC9P1
RP3-433F14.2	MTND4LP19
RP11-408A13.1	CDCA4P1
AC111186.1	TRIM80P
RP11-291B21.2	LINC02446
AC012075.2	LINC01815
RP11-578F21.12	PDCD6IPP2
RP11-415K20.1	PPIAP34
RP11-2A4.3	LINC01210
POM121L7	POM121L7P
RP3-473L9.4	LINC02356
AC005022.1	LINC01449
RP11-173M1.5	SYPL1P2
CTD-2033D24.1	GARSP1
RP5-843L14.1	LINC01716
SNX18P5	SNX18P4
C22orf26	PRR34
ZNF705C	ZNF705CP
RP11-893F2.9	TMEM92-AS1
RP11-597A11.1	NF1P4
RP11-534N16.1	DSG1-AS1
AC008074.3	LGALSL-DT
RP11-465M18.1	LINC01400
RP11-553P9.3	LINC02485
RP11-150L8.4	RBM17P4
TTLL13	TTLL13P
RP11-1103G16.1	G2E3-AS1
RP11-4E23.2	FOCAD-AS1
AC018462.3	RPSAP26
RP11-626P14.2	LINC02293
RGAG4	RTL5
GPR114	ADGRG5
AC004448.2	LINC02094
RP11-300J18.1	LINC01147
RP11-12N13.2	MCUR1P2
NLRP9P	NLRP9P1
RP11-366F6.2	MAGEA4-AS1
C19orf69	ERICH4
RP11-439I14.1	PPIAP48
RP11-481J2.2	LINC02137
ZMYM6NB	TMEM35B
LEPREL2	P3H3
RP11-488C13.5	VASH1-AS1
AC016727.3	RPS29P10
KB-1183D5.9	E2F6P3
TMEM256-PLSCR3	PLSCR3
RP11-513G11.3	LINC02037
RP11-396C23.2	LINC01703
AC068134.5	ECEL1P1
CTC-241F20.4	ZNF114-AS1
CTC-559E9.12	BNIP3P9
RP11-30P6.6	LINC02535
TCEB2P1	ELOBP1
AC046143.6	RPL23AP93
RP11-755B10.3	DENND6A-DT
PPAPDC1B	PLPP5
RP11-1149O23.1	RPL23AP55
WBSCR22	BUD23
AC007392.4	LINC01797
RP11-434O22.2	RPL23AP8
RP11-458D21.1	LINC01719
RP11-260A9.4	GTF2IP6
AC114752.2	RPL23AP37
RP11-111I12.1	LINC01648
RP11-8J9.1	NENFP1
RP11-558F24.4	PIK3CD-AS2
AL360004.1	GPRACR
LINC00087	SMIM10L2B
RP11-360D2.1	TEX50
FAM63A	MINDY1
RP5-890O3.3	NDUFB4P8
RP11-171N4.2	LINC02272
CTD-2258A20.5	BEAN1-AS1
RP11-1101K5.1	LINC02237
RP11-64D22.2	AADACP1
WISP2	CCN5
CTD-2632K10.1	LINGO1-AS2
RP11-798K3.3	LINC02206
CTD-2130O13.1	MIR4527HG
CTC-523E23.4	LINC01801
CYB5P4	CYB5AP4
AC005003.1	LINC01521
RP11-488I20.4	C2orf69P4
RP11-274H24.1	LINC02533
RP11-775A3.1	ZNF37CP
CTC-425F1.2	FARSA-AS1
RP11-1072C15.2	LINC01180
GS1-122H1.2	LINC01344
DDX26B	INTS6L
RP11-245G13.2	LINC01954
HDGFRP2	HDGFL2
AC006129.4	LINC01480
DDC8	CEP295NL
CTD-2004A9.1	LINC02061
Y_RNA	RNY1P10
FAM109B	PHETA2
RP11-627H22.6	MTCO2P9
MGEA5	OGA
RP1-55C23.8	RBM11P1
RP11-465O11.1	SMIM12P1
PRKAR1AP	PRKAR1AP1
RP11-179G5.1	RPSAP18
RP11-8P11.3	INSYN1-AS1
RP11-143M1.4	LINC01388
RP11-258J10.1	LINC01288
FAM211A-AS1	SNHG29
C12orf5	TIGAR
RP11-39K24.14	MTCO2P11
RP11-145G20.1	LINC02267
CTD-2396E7.8	CLIC4P2
KIAA1244	ARFGEF3
RP11-755B10.4	ARF4-AS1
RP11-124K4.1	LINC01570
RP11-927P21.5	BPTFP1
CTD-2144E22.10	VPS35P1
AC092106.2	RPL22P10
FAM103A1	RAMAC
RP11-111H3.3	LINC01927
RP11-667K14.8	MCUR1P1
AP001065.15	LINC02575
RP11-390F4.9	PRELID3BP11
RP5-845O24.3	PRAMEF30P
RP11-1094M14.9	E2F3P1
RP11-389K14.3	LINC01508
RP4-583P15.11	ZBTB46-AS1
RP11-541G9.2	LINC02409
RP11-493L12.5	LINC02416
AC022431.2	C5orf67
AC093326.2	LINC01875
C11orf30	EMSY
RP3-525N14.2	SFR1P1
LINC00869	LINC00623
MIR511-2	MIR511
RP11-155G15.2	LIX1-AS1
RP11-54A9.1	LNCOG
NACAP3	NACAP8
RP11-474D1.3	LINC02418
TCEB3C	ELOA3
RP11-267J23.4	PTMAP9
RP11-416K24.2	EIF1P3
RP11-366L20.4	LINC02425
RP11-304M2.1	WBP1LP10
CTC-297N7.5	TMEM220-AS1
RP11-74C13.3	ERLNC1
CTD-2193G5.1	LINC02115
RP11-97O12.2	LINC01586
AC091969.1	LINC01470
RP11-112L18.1	MTCYBP44
RP11-473D24.1	CCNL2P1
CT64	LINC01192
RP11-178F10.4	EIF4A3P1
AC010733.7	RPL21P33
CTD-2626G11.3	BNIP3P24
RP11-562F9.2	LNCPRESS2
GUCY1B3	GUCY1B1
AC005017.2	PPIAP80
AC023669.2	ZNF619P1
TCEB2	ELOB
AC004158.2	LINC01572
AC108051.1	LINC01935
RP11-360J12.1	OTX2P1
RP11-394O9.1	LINC01507
RP11-367G18.1	LINC02541
RP11-562F9.1	PMPCAP1
RP13-516M14.4	LINC01970
RP11-41O4.3	LARP7P3
BAI1	ADGRB1
RP11-571M6.1	RPL13AP23
RP11-331O9.5	MTND3P20
TMEM27	CLTRN
C15orf52	CCDC9B
RP11-639B1.1	LINC02032
AC007317.1	LINC01794
RP11-93M12.1	MTCYBP43
RP11-91J3.3	LINC02515
RP11-345L23.1	LINC01564
RP11-1018N14.5	LINC02073
CTA-397C4.2	LINC01656
SMEK1	PPP4R3A
RP11-554A11.6	MRGPRF-AS1
SELK	SELENOK
CTD-2643K12.3	LINC01581
RP11-686G8.2	ATXN2-AS
RP11-203B9.4	ZNF451-AS1
EFTUD1	EFL1
RP11-815M8.1	LINC02257
RP11-510D19.1	LINC01541
RP11-21G15.1	KIAA0895LP1
C1orf234	TEX46
TCEB1P11	ELOCP11
XXbac-BPG308K3.6	LINC01623
CRHR1-IT1	LINC02210
RP11-218C14.2	CST9LP2
APOA1BP	NAXE
RP4-798A10.2	LINC01772
CXorf27	HYPM
RP11-142G1.2	CASC22
PRKRIRP4	THAP12P4
RP11-484D2.3	PPIAP41
AC015818.3	KRT17P7
CTD-2510F5.2	SPDYE22P
RP11-56I23.1	LINC02627
C1orf170	PERM1
RP11-123H22.1	LINC01309
PROL1	OPRPN
C17orf61-PLSCR3	TMEM256-PLSCR3
RP11-196D18.5	SEPT14P1
RP1-164F3.8	PPIAP90
RP11-445P17.6	ARL4AP3
C10orf35	FAM241B
RP11-585F1.2	SEPT14P8
RP11-59D5__B.2	SCAT8
CTD-2571E19.1	NARSP2
RP11-404L6.2	LINC02219
RP11-71E19.5	CCDC37-DT
RP11-573G6.2	RPL31P45
RP4-668G5.1	NFIA-AS2
AC069213.1	MUC20P1
CTD-2320B12.1	MTND5P35
DEFB109P3	DEFB109D
AC016737.1	RPSAP24
RP11-503K16.2	RAP1BP1
RP11-134D3.1	LINC02181
RP4-633H17.2	MTCO2P34
RP11-531A21.4	MTCO2P30
MRE11A	MRE11
RP11-466F5.8	TMCO1-AS1
RP4-635E8.1	RPL23AP17
RP11-368M16.4	BSNDP4
AC018742.1	LINC01822
PPY2	PPY2P
RP11-271O3.1	LINC01243
C14orf164	RNF212B
RP11-384J4.1	MIR4307HG
RP11-402L1.12	RPL21P88
SLMO2P1	PRELID3BP1
AC022431.1	RPL26P19
RP11-856M7.6	LINC01887
RP11-180I22.2	KCNMA1-AS2
RP11-24M17.3	PPIAP47
RP11-97E7.2	LINC02174
RP11-432M8.13	TAF11L14
RP11-463C8.5	FAM204DP
KLHL7-AS1	KLHL7-DT
FAM46C	TENT5C
AC009892.10	LILRB1-AS1
LL22NC03-75H12.2	LINC01644
TMEM35	TMEM35A
RP3-395M20.8	TNFRSF14-AS1
RP5-845O24.8	LINC01784
RP11-804H8.5	PPIAP69
CCDC37	CFAP100
ANO7P1	ANO7L1
KIAA1467	FAM234B
RP11-119N19.1	BRIX1P1
AC005034.3	SUPT4H1P1
AL162759.1	LINC02331
RP11-474C8.4	PHBP18
NARG2	ICE2
RP11-403F21.1	ARMC8P1
ZHX1-C8ORF76	ZHX1-C8orf76
CYP2T2P	CYP2T1P
SNORD73	SNORD73B
RP11-841C19.3	PDCD5P1
RP11-136I14.4	RPL12P46
RP11-395L14.4	PGM5P4-AS1
AAED1	PRXL2C
RP11-406A9.2	LINC02301
RP11-454L1.2	CDCA4P4
CTD-2579N5.5	BNIP3P35
RP11-90P5.4	RNU6-988P
RP11-536C10.7	LINC02297
RP11-956E11.1	LINC02373
RP11-434I12.5	PRXL2AP2
RP11-241I20.1	RPL34P19
RP11-501O2.4	LINC02045
RP11-386M24.4	H2AFVP1
RP11-305B6.3	LINC02307
AC109642.1	LINC01936
GSG2	HASPIN
LECT1	CNMD
AP000892.8	PRR13P3
RP11-305E17.7	RPL23AP90
AP000469.2	LINC01689
RP11-651P23.4	TMEM183B
AC093698.2	RPL12P17
AL591704.7	S100A15A
TROVE2	RO60
RP11-554I8.2	LINP1
AC124944.5	LINC01983
RP11-517C16.2	ATP2C2-AS1
AC079767.3	RPS29P9
RP5-1051D14.1	LINC01774
AC079776.4	RPL22P7
RP4-663N10.1	NGF-AS1
RP11-244B22.1	AGGF1P8
Metazoa_SRP	RN7SL715P
C21orf128	UMODL1-AS1
XXyac-YRM2039.2	WASHC1
KIAA0430	MARF1
RP11-600F24.2	RPL10AP1
SELV	SELENOV
RP11-390D11.2	EIF5A2P1
RP11-546B15.2	BNIP3P5
CTB-43E15.4	LINC01485
TMEM55B	PIP4P1
RP11-838N2.4	GAPLINC
FAM134B	RETREG1
RP11-157P1.5	LAMA5-AS1
HIATL2	MFSD14C
RP11-362A1.1	LINC02426
RP11-1220K2.2	MGAM2
RP11-540D4.3	LINC01490
RP11-966I7.3	LINC02281
RP11-215E13.1	LINC01989
XXbac-BPG248L24.13	LINC02571
FAM198B	GASK1B
C1orf111	SPATA46
KIAA1432	RIC1
CCBL1	KYAT1
AC099522.2	FUNDC2P1
RP4-610C12.2	CFTRP3
AP006222.1	RPL23AP21
RP11-18H21.1	LINC02273
AC007364.1	LINC01931
RP11-432J9.6	LINC02622
RP11-139K4.1	LINC01994
RP11-307C12.11	DCST1-AS1
GS1-122H1.3	YPEL5P1
RP4-798P15.3	CRYZL2P-SEC16B
CTD-3107M8.2	PPIAP84
HDHD1	PUDP
AC062029.1	EIF2AK3-DT
RP11-545P6.2	LINC00373
AC093106.5	NDUFB9P2
RP11-735A19.2	KDM4F
IGJ	JCHAIN
AC007365.1	LINC02579
CTB-179K24.3	GEMIN7-AS1
CCBL2	KYAT3
RP11-3P17.3	RPL23AP42
RP11-453E2.2	SLIT1-AS1
RP11-136F16.2	PRXL2AP1
RP11-39K24.7	TCF3P1
RP5-1125K23.1	IMMP1LP3
RP11-357K6.2	LINC02439
RP4-813D12.2	BMP7-AS1
C1orf233	FNDC10
RP11-78A19.3	CHMP1B-AS1
RP11-815J4.4	SDHDP1
RP11-236J17.3	CASC23
AC010522.1	FKBP1AP1
RP11-1112C15.1	LINC01602
RP11-445H22.4	KCNK15-AS1
AC098973.1	LINC01981
PDX1-AS1	PLUT
AC005154.6	GARS-DT
RPS17L	RPS17
LRRC16B	CARMIL3
SPDYE9P	SPDYE17
RP11-655B23.1	ASS1P8
AC138744.2	ATP5MFP4
TMEM55A	PIP4P2
RP1-302D9.2	LINC01640
C17orf105	CFAP97D1
BX682235.1	SPRYD7P1
AC073958.2	DYNLL1P7
MIR219-1	MIR219A1
WDR52-AS1	CFAP44-AS1
AC068137.5	MTCO1P7
LINC00925	MIR9-3HG
MFI2	MELTF
RP11-100G15.5	MTND4LP7
AC139085.1	CCND3P2
Metazoa_SRP	RN7SL840P
SNORA74	SNORA74C-2
RP11-324L3.5	SMARCE1P7
RP11-723P16.3	MAGOH3P
RP11-159H3.1	RPL19P16
CTD-3184A7.4	MHENCR
RP11-627K11.4	MREGP1
GCN1L1	GCN1
CTD-2284O10.3	C8orf59P2
CTD-2132N18.2	C17orf113
IGKV1OR-1	IGKV1OR2-1
RP4-610C12.1	FAM242A
ATP5A1P8	ATP5F1AP8
ZNF645	CBLL2
CTC-360G5.9	ERVK9-11
AC013394.2	LINC01578
NARFL	CIAO3
RP5-887A10.1	LINC01781
AC004854.4	LINC01952
TENC1	TNS2
RP11-35O15.1	IRAIN
UBE2Q2P3	UBE2Q2P2
RP11-382N13.2	LINC02164
RP11-161D15.1	LINC02269
CAPN10-AS1	CAPN10-DT
AC016909.1	NCKAP5-AS1
PVRL3-AS1	NECTIN3-AS1
CTD-2015G9.1	LINC02189
RP11-262H14.1	LINC01410
GPR112	ADGRG4
CTC-436P18.1	SMIM15-AS1
RP11-372M18.1	LINC01696
RP11-982M15.8	LINC02280
SNORA76	SNHG25
RP11-514D23.1	LINC02135
RP11-641C17.1	PPIAP71
RP11-420K14.3	MTDHP4
RP11-627H22.5	MTCO1P9
RP11-893F2.6	LINC01969
RP11-465L10.10	SLC12A5-AS1
TCEB1P24	ELOCP24
AC010733.4	LINC01185
AC011306.2	MIR217HG
RP11-570G20.1	RPL15P14
CECR6	TMEM121B
RP11-1007G5.2	ETS1-AS1
AC022596.2	KRT17P4
GCNT6	GCNT2P1
RP13-926M18.1	RPS27AP17
RP11-129J12.2	LINC01475
AC139099.3	RPL23AP87
KIAA1279	KIF1BP
SPG20OS	SPART-AS1
RP11-3J1.1	LINC02438
LIMS3L	LIMS4
RP11-218M22.2	LINC02455
RP11-561P12.2	SUPT4H1P2
MLLT4-AS1	AFDN-DT
RP1-90L14.1	LINC01611
EFCAB4A	CRACR2B
RP3-422G23.4	SMIM28
CTD-2309H9.2	MTCO1P49
TCEB1P14	ELOCP14
PRKRIRP7	THAP12P7
RP11-85L21.4	SMIM10L2B-AS1
GS1-200K5.1	HINT1P2
RP1-43E13.2	EMC1-AS1
SRCRB4D	SSC4D
RP11-572C15.6	LINC01279
RP11-1C1.4	LINC02212
KCNJ6-IT1	KCNJ6-AS1
AP000472.2	LINC01687
RP11-366H4.1	LINC02434
CTC-347C20.2	LINC02056
RP11-2H3.2	ZNF519P4
CTNNAP1	CTNNA1P1
RP11-140C5.3	HMGB1P50
RP11-317N6.1	CARSP1
RP1-90L6.2	LINC01422
RP1-93L7.3	SFR1P2
RP1-156L9.1	LINC01945
AC002331.1	LINC02195
CTD-3105H18.8	MTND2P40
RP11-401N16.1	RPL23AP92
C16orf13	METTL26
AC116614.1	SNTG2-AS1
RP11-443K8.1	SULT1C2P2
CTC-782O7.1	LINC01478
RP11-773H22.2	EIF4A2P1
RP11-677O4.7	ASNSP6
CTD-2596O15.1	BOLA3P2
RP3-522D1.1	LINC01357
RP3-509I19.1	CCRL1P1
XX-CR54.1	LYPD9P
RP11-100J16.4	SKP1P3
C11orf85	MAJIN
RP11-433P17.2	MTND1P8
AC022596.6	KRT16P6
RP11-293M10.4	DPPA5P4
RP13-200J3.2	RARSP1
AC005522.6	PPIAP81
CTB-151G24.1	ERVK-28
RP11-331O9.4	MTCO3P31
C14orf105	CCDC198
AC012365.3	MTCO1P43
MEF2BNB	BORCS8
RP11-513G11.2	LINC02048
DEFB109P1	DEFB109A
RP11-318M2.2	BAALC-AS1
C21orf49	C21orf62-AS1
AP000620.1	PPIAP43
AP003068.17	PDCL2P2
RP11-400G3.3	RPL7AP52
LINC00086	SMIM10L2A
RP11-262H14.11	FGF7P8
RP11-221E20.5	MARK2P17
RP11-231I13.2	MDFIC2
C7orf49	CYREN
RP11-248I9.2	RPL12P45
RP11-59H1.4	STX8P1
RP11-566F5.1	XIAPP1
ARL4P	ARL4AP1
AL589743.1	DUXAP9
RP11-121G22.3	PPFIA2-AS1
AC055811.5	ACTG1P24
AC104777.2	LINC01920
RP4-769N13.2	BEND7P1
CTD-3105H18.9	MTCO2P27
AC009234.1	MTCO1P42
RP4-705O1.1	LINC01734
AC108004.2	LINC02091
RP11-383H13.1	MSC-AS1
AC062020.1	LINC01826
RP11-1281K21.7	MTND3P22
AC008163.6	EIF4EP4
RP11-804H8.6	LINC02019
RP11-180K7.1	CD200R1L-AS1
RP11-617D20.1	KLF3-AS1
ATP5BP1	ATP5F1BP1
AC080094.1	LINC01866
RP11-523H24.3	PSPC1-AS2
RP11-293A21.1	STIM2-AS1
RP11-200A1.1	LINC02004
AC095067.1	LINC01447
RP11-475O6.1	LINC01725
AC034220.3	MIR3936HG
AF241726.4	UBTFL11
RP11-343J3.5	MTCO1P23
RP5-837O21.5	MTCO3P21
RP11-7F17.3	LINC02289
TCEB1P35	ELOCP35
CTD-2128A3.3	LINC02329
ERO1L	ERO1A
AP001597.1	CYYR1-AS1
RP11-723G8.2	LINC01899
AC002314.4	TYMSP2
KB-1639H6.7	MTCO1P4
CTD-2206N4.4	RDM1P5
RP11-21B23.2	LINC02178
C9orf135-AS1	C9orf135-DT
RP11-53O19.1	MRPS30-DT
MRP63P7	MRPL57P7
LA16c-366D3.1	LMF1-AS1
LINC00984	INAFM2
C17orf85	NCBP3
RP11-197N18.7	PITPNM2-AS1
AC073869.10	MTCO3P18
RP11-162J8.2	UST-AS1
RP11-187O7.1	RPSAP3
LINC00617	TUNAR
RP11-412H8.2	LINC02300
RP11-511B23.3	LINC02412
CCDC135	DRC7
RP11-329B9.1	LINC02069
RP5-898J17.1	LINC01787
RP11-393K10.1	PYHIN5P
AC097635.4	SAP18P3
CTD-2161F6.3	LINC02114
CTB-36O1.7	MTCYBP18
RP11-1113N2.4	NDUFB9P1
PTPN20A	PTPN20
FAM35BP	SHLD2P1
AGAP10	AGAP9
CTD-2384A14.1	LINC02327
C10orf32-ASMT	BORCS7-ASMT
RP11-288E14.2	SRP14P2
RP11-67L2.2	LINC02035
WHSC1L1	NSD3
RP11-8L18.3	RPL37P18
AC097500.2	LINC01473
SHFM1P1	SEM1P1
RP11-509M23.1	PPIAP79
LINC01155	KANTR
CTC-501O10.1	LINC02594
RP11-80F22.10	ZNF971P
C16orf3	GAS8-AS1
RP11-137L10.6	PPP3CB-AS1
RP11-665I14.1	LINC02501
RP11-356I2.1	LINC02539
RP11-19P22.6	CPDP1
FAM178A	SLF2
RP11-349K21.1	ARF4P1
CTC-260E6.10	BNIP3P17
AC064852.5	EEF1B2P7
RP11-34E5.4	RPS2P36
FAM194A	ERICH6
CTC-457E21.2	LINC01233
RP11-189E14.4	LINC02179
RP5-998N21.8	RPL22P5
AC023271.2	RPL23AP36
RP11-132E11.3	RPS29P33
AC079807.1	PPIAP62
RP11-776H12.1	LINC01748
NBPF8	NBPF20
AC013269.5	PRSS40B
RP11-384K6.4	SEPT14P4
RP11-678D18.1	PPIAP86
AC012363.8	MTCO3P43
AC098817.3	MTCYBP7
RP11-214L19.1	LINC01343
AC002398.5	LINC01529
AC004603.4	PSG8-AS1
RP1-155G6.4	CSE1L-AS1
RP11-179H18.5	RPS8P4
CTB-114C7.3	LINC01366
FAM203A	HGH1
RP11-474D1.2	LINC02419
RP11-986G18.1	IQSEC3P1
CTC-513N18.3	BNIP3P23
GPR115	ADGRF4
GPR110	ADGRF1
RP5-1180C10.2	ACBD6
AP000282.3	LINC01690
RP11-1007I13.2	RPSAP60
CCDC67	DEUP1
RP11-443P15.2	NMRAL2P
KB-431C1.4	UBR5-AS1
RP11-81H3.1	VENTXP3
RP11-787P24.1	WIZP1
RP11-701I24.1	HMGB1P40
RP11-255L13.1	RPSAP74
RP11-593F5.2	LINC02496
AP000354.4	GGTLC4P
KB-1299A7.1	NDUFB9P3
RP11-10D7.5	RPL10P18
TMEM14E	TMEM14EP
RP11-344P13.3	MTIF2P1
RP11-63N8.3	LINC02596
AC025750.6	VDAC1P13
LINC00493	SMIM26
KB-1042C11.1	ADI1P2
RP11-138I17.1	LINC02511
CTD-3035D6.2	LINC02321
AC003973.1	MTDHP2
RP13-100A9.2	BLOC1S2P1
AC093850.2	LINC01614
AC104135.4	LINC01293
RP11-838N2.8	BOD1P1
MIR3130-1	MIR3130-2
CTD-2022H16.2	NCAPGP2
SPANXB2	SPANXB1
C4orf21	ZGRF1
RP13-650G11.1	RPS29P15
MB21D1	CGAS
HIN1L	OTUD4P1
C5orf55	EXOC3-AS1
RP11-80F22.6	C2orf69P2
RP11-254F19.3	LINC02176
MINOS1-NBL1	MICOS10-NBL1
RP11-326I19.3	LINC01396
AC073869.20	NOC2LP2
RP11-100G15.4	MTND3P23
RP11-23D24.2	LINC02006
PCNX	PCNX1
AC111200.8	NDUFB4P5
C8orf22	PPDPFL
RP11-77C3.3	SIRPG-AS1
RP11-534L6.3	RPL13AP19
RP11-242F24.1	LINC01672
RP11-521J24.1	LINC00377
RP11-290L7.2	RBM17P1
RP11-315I14.5	NOP56P2
ICT1	MRPL58
ATP5H	ATP5PD
RP11-450I1.4	PRAMEF31P
KIAA1715	LNPK
RP11-302F12.1	RPS29P11
NAA38	LSM8
RP11-412H9.2	LINC01710
RP3-337D23.3	LUADT1
ACN9	SDHAF3
RP11-216M21.2	C2orf27AP3
OR51H1P	OR51H1
C8orf4	TCIM
RP11-809C9.2	MAP1LC3B2
RP11-1C1.7	LINC01513
RP11-12N13.6	MTND4LP10
PLEKHM1P	PLEKHM1P1
CTA-714B7.5	LINC01399
RP11-375O18.2	LNCARSR
AC073869.1	RAB6D
AL672183.2	RPL23AP25
RP4-736H5.2	MTCO3P41
AC007163.10	MTND3P16
AC140542.2	LINC02192
RP5-1057J7.6	LINC01355
RP11-420K14.7	BRI3BPP1
RAB7L1	RAB29
RP11-98L5.4	PAEPP1
AL450992.2	C2CD4D-AS1
LRRC16A	CARMIL1
C22orf43	DRICH1
RP4-651E10.4	CLCA4-AS1
RP11-1008C21.2	LINC01852
hsa-mir-466	MIR466
RP11-57J16.1	LINC01908
ATP5A1P3	ATP5F1AP3
FAM159B	SHISAL2B
CTD-2522B17.4	DUX4L46
FIGF	VEGFD
RP11-6L6.2	REELD1
AC091167.3	GOLGA2P8
FAM46A	TENT5A
RP11-554E23.3	NENFP2
C21orf88	B3GALT5-AS1
RP11-785H5.1	SMIM10L1
CXorf31	LINC01545
RP11-33G16.1	LINC01241
AC104651.1	EEF1E1P1
RP11-664H17.1	LINC02398
RP11-365O10.1	METTL8P1
RP11-277P12.10	LINC02617
RP11-13G14.4	LINC01498
RP11-488I20.3	LINC01566
RP11-328J2.1	LINC02476
AC098973.2	LINC01980
PPAP2B	PLPP3
RP11-130C19.1	EIF1P1
RP11-507K13.6	RPL21P89
RP4-710M16.1	RPSAP20
RP11-1217F2.7	MTCYBP29
C11orf70	CFAP300
RP11-488I20.5	AGGF1P9
RP11-93B14.5	SLCO4A1-AS1
RP11-465O11.2	GMCL1P2
RP11-1007O24.4	PHBP20
RP1-214M20.2	GSTA9P
C9orf69	TMEM250
RP11-91K9.1	LINC02015
Z95114.3	MTCO2P20
RP11-302F12.5	MTCO3P44
RP11-148L24.1	LINC02268
C12orf68	CCDC184
ANKRD32	SLF1
AC005255.6	OR7A2P
RP5-1119D9.4	LAMP5-AS1
RP11-108P20.4	LINC01926
C9orf142	PAXX
RP4-756H11.1	SAPCD2P3
RP11-3L8.3	LURAP1L-AS1
RP11-114N19.2	BHLHB9P1
RP11-1079H9.1	LINC02316
RP11-19E11.1	LINC01956
RP11-80F22.1	AGGF1P5
RP11-367H5.8	RPS25P9
7SK	RN7SKP176
RP11-383C6.2	LINC02626
C12orf23	TMEM263
ATP5G1P8	ATP5MC1P8
RP11-426L16.7	NUTF2P4
RP11-944L7.4	ZKSCAN7-AS1
PRKCDBP	CAVIN3
AC019118.2	LINC01250
RP11-73B2.5	ARAFP2
RP11-527L4.2	LINC01976
CTD-3244O18.7	CYP3A137P
RP11-93K22.14	SNRPCP8
RP11-325I22.2	LINC01511
RP11-136H13.1	HPRT1P2
AC011518.1	LINC01782
RP11-693L9.2	LINC01897
C16orf62	VPS35L
AP005530.1	LINC02564
RP11-75C9.1	PTPRD-AS1
KIAA1377	CEP126
FAM35DP	SHLD2P3
RP3-420J14.1	AMD1P4
SDPR	CAVIN2
RP11-112J1.2	LINC01500
RP5-1021I20.2	LINC02274
C1orf177	LEXM
C11orf73	HIKESHI
CTD-2311M21.2	PPIAP46
AC079150.3	LINC01850
KIAA1429	VIRMA
ZNF724P	ZNF724
RP11-966I7.2	LINC02282
CTD-2116N24.1	LINC02107
RP11-725G5.2	LINC02292
C1orf64	SRARP
PPAPDC3	PLPP7
RP11-1084J3.4	C1QTNF3-AMACR
RP11-627G1.1	MTRF1LP1
AC090505.6	LINC01968
RP11-119F7.3	RPS3AP37
ZCCHC5	RTL3
AC138517.4	NCOA4P4
RP11-514A9.1	LINC01966
CTD-2017D11.3	BNIP3P40
CTB-181F24.1	LINC01938
RP11-27I1.4	B3GNT10
ATP5G1P3	ATP5MC1P3
RP11-132A1.3	LNCPRESS1
RP11-308N19.4	LINC01505
RP11-315I20.1	LIX1L-AS1
RP11-91A15.2	MTCO2P6
LPHN1	ADGRL1
CTC-478M6.1	MAN1A2P1
AC006115.3	ZIM2-AS1
RP11-479O17.10	SFTPD-AS1
EIF2B5-AS1	LINC01840
RP11-181K3.4	LAMC1-AS1
RP11-214N16.2	PPIAP87
RP11-27N21.3	LINC01607
RP11-386G11.5	DDN-AS1
RP11-703G6.1	LINC02503
RP13-612N21.1	LINC02173
RP11-422J15.1	LINC02465
CTC-444N24.6	ZNF460-AS1
RP11-66A2.1	LINC01745
N6AMT2	EEF1AKMT1
RP11-434D2.6	TNPO1P3
RP13-36C9.5	MGAT2P2
FAM211A	LRRC75A
RP11-143J12.2	NDUFV2-AS1
RP11-211G3.2	BCL6-AS1
AP001505.9	LINC00165
RP11-327F22.5	LINC02168
AC005255.5	OR7A8P
RP11-61J19.3	LINC01740
RP11-135J2.4	LYPLAL1-DT
RP11-510M2.4	TLE7
RP11-100G15.3	MTCO3P29
AC073236.3	LINC01287
RP11-52L11.9	MTND4LP3
OBFC1	STN1
CTD-2171N6.1	LINC01929
LINC01024	MALINC1
RP11-66E20.2	MARK3P1
C14orf182	LINC01588
AC026150.5	LINC02249
AC024183.3	XKRY2
MMP24-AS1	MMP24OS
FAM108A9P	ABHD17AP8
RP11-1136G11.6	EIF4A1P4
RP11-140I24.1	LINC01568
AF121898.1	IARS2P1
AGPAT6	GPAT4
ATP5G2P4	ATP5MC2P4
AC016700.5	LINC01816
RP11-319E16.1	LINC02443
RP11-51M18.1	LINC01419
AC093609.1	LINC02580
RP11-152P17.1	RPL12P24
RP11-531A21.3	MTCO1P30
AC015922.6	LINC02087
NUDT4P1	NUDT4B
RP11-384P7.6	LINC01251
AY269186.1	LINC01986
RP11-219B17.1	RORA-AS1
RP11-475J5.4	MTCO2P22
RP11-248C1.3	MARK2P16
RP11-419L20.2	MAPK6P5
AC097495.2	LINC01888
AC005301.8	LINC01665
BAI2	ADGRB2
SLMO2	PRELID3B
CTD-2267D19.2	RARA-AS1
SKIV2L2	MTREX
AC018766.5	PTOV1-AS2
RP11-632K5.3	P4HA3-AS1
AC092610.12	RPL22P16
CTD-2536I1.1	LINC01197
RP1-90J4.2	ADI1P3
RP11-127B1.1	ZKSCAN7P1
RP11-674J14.3	EGLN3P1
TMEM5-AS1	RXYLT1-AS1
RP11-526A4.1	IQCM
RP11-638F5.1	LINC01257
AC004166.6	SPDYE12P
ZNF840	ZNF840P
Y_RNA	RNY4P34
CHKB-AS1	CHKB-DT
CTD-2544M6.2	LINC01582
RP11-363L24.2	KCTD9P6
RP11-495K9.3	LINC02415
CTD-2014E2.5	FRG2KP
RP11-25I15.2	LINC02451
Y_RNA	RNY3P15
RP11-127O4.3	LINC02620
LEPREL1-AS1	P3H2-AS1
RP11-468E2.9	DHRS4L1
C21orf2	CFAP410
C21orf33	GATD3A
AC012363.10	MTND4LP14
RP11-555F9.2	LINC01501
CSTF3-AS1	CSTF3-DT
RP11-557J10.5	LINC02491
RP11-469E19.1	CLIC4P3
PRAMEF25	PRAMEF9
ATP5L2	ATP5MGL
CTC-342P15.1	NAMPTP2
PAPD7	TENT4A
RP11-512H23.2	MCRIP2P1
CTD-2619J13.13	LINC02560
CTA-277P6.1	MCRIP2P2
TAS2R6	TAS2R6P
RP11-803B1.8	LINC02018
RP1-116K23.1	LINC02467
CTC-260E6.8	BNIP3P16
AC079354.1	KIAA2012
SMAD9-AS1	SMAD9-IT1
AC005592.1	LINC01844
CTB-51J22.1	ELN-AS1
CTC-321K16.4	LINC01959
C20orf26	CFAP61
RP11-535C7.1	LINC02480
RP11-101E19.4	MTCYBP20
RP11-98J9.1	LINC02548
FAM25B	FAM25G
RP11-308K19.2	NUTF2P5
C6orf229	ARMH2
RP11-329J18.2	ITFG1-AS1
CTA-249B10.1	LINC02191
RP11-462G22.1	LINC01262
RP11-783L4.1	LINC02290
CTD-2034I21.2	LINC02187
CTD-2006C1.6	ZNF887P
PAPD4	TENT2
KIAA1430	CFAP97
AL772307.1	RPL7AP49
RP11-708J19.2	BOLA2P2
RP11-861A13.4	LINC01215
RP11-451M19.3	ADD3-AS1
C2orf82	SNORC
RP11-353N14.5	LINC01979
RP11-955H22.3	LINC02375
RP11-63K6.4	RPL22P14
AC006024.4	CDC14C
RP5-1043L13.1	MIR646HG
RP11-85F14.5	NCK1-DT
DARC	ACKR1
CCDC19	CFAP45
RP11-273G15.2	LY6E-DT
RP11-370P15.2	LINC02165
RP5-1118D24.2	RPL10P17
MIR203	MIR203A
PRKRIRP3	THAP12P3
RP4-814D15.2	RPS27AP12
STK19P	STK19B
CD97	ADGRE5
C19orf43	TRIR
RP5-859D4.3	LINC01713
RP11-1070A24.1	RPS27AP13
RP11-190P13.1	EIF4E2P2
RP11-640I2.1	MTND5P40
PSMD5-AS1	CUTALP
HLA-AS1	HLX-AS1
RP11-84G21.1	PPP1R12A-AS1
TDPX2	PRDX1P1
RP11-1084I9.1	LINC02346
TCEB3B	ELOA2
AC005280.1	RIOX1
PNMAL2	PNMA8B
SLC35E2	SLC35E2A
RP11-112L6.4	LINC01273
RP13-507P19.2	LINC02370
RP11-458F8.2	GTF2IP23
AC009963.5	RPL22P8
XXyac-YM21GA2.6	FBP2P1
RP11-382A18.2	CASC21
AC097635.5	RPL39P18
RP11-120C12.3	LINC02621
CTD-2319I12.1	WFDC21P
RP11-627H22.8	MTCO3P9
RP11-415C15.2	LINC02261
B3GNT1	B4GAT1
RP1-37J18.2	LINC01646
RP11-456O19.2	LINC01905
CTC-260E6.11	BNIP3P15
MINOS1P2	MICOS10P2
RP5-1109J22.2	LINC01398
RP11-417E7.1	LINC01615
MAPK6PS2	MAPK6P2
AC009974.11	RPL23AP31
RP11-478H13.3	LINC01517
MINA	RIOX2
AC109826.1	LINC02611
FAM73A	MIGA1
LINC00371	C13orf42
AC013437.2	MTCYBP11
RP11-549K20.1	LINC02228
UPK3BL	UPK3BL1
AC079767.4	LINC01857
RP11-174G17.2	LINC01654
AC108479.1	NDUFB4P7
RP11-456D7.1	SKAP1-AS1
ALMS1P	ALMS1P1
C21orf54	LINC01548
RP11-291J9.2	MTCO3P30
RP11-512M8.3	CCDC150P1
RP11-456O19.4	LINC01539
CTD-2318B16.4	MTND4LP24
AE000662.93	LINC02332
RP11-438H8.8	CLK3P2
RP11-373J16.2	GAPDHP75
CCDC176	BBOF1
RP3-399J4.1	MTCYBP36
RP11-448N11.1	DHFRP5
KIAA1462	JCAD
RPS10L	RPS10P5
RP3-347M6.1	PPIAP89
RP13-39P12.2	IMPDH1P5
C16orf80	CFAP20
PCDHB17	PCDHB17P
PAPL	ACP7
RP11-434I12.2	RDH10-AS1
AP000350.4	MIF-AS1
RP11-434D11.4	LMNB1-DT
RP1-52J10.9	LCEP4
RP11-76N22.2	PKN2-AS1
CTD-3064H18.1	ZNF793-AS1
CTA-211A9.5	MIATNB
RP3-449O17.1	TPTEP2
TAPSAR1	PSMB8-AS1
AC011366.3	LINC01848
WDR52	CFAP44
AP000475.2	LINC01425
TCEB1P15	ELOCP15
AC009410.1	LINC01807
C21orf59	CFAP298
LINC00441	RB1-DT
HDHD1P1	PUDPP1
AC138123.2	RPL41P5
RP11-104D21.3	LINC01284
RP11-458F8.4	LINC02604
EFTUD1P2	EFL1P2
RP11-766N7.4	LINC02231
C6orf123	LINC01558
CTD-2382E5.4	EHD4-AS1
MAFG-AS1	MAFG-DT
C10orf129	ACSM6
AC011747.4	LINC01814
C16orf98	PYCARD-AS1
CEBPZ-AS1	CEBPZOS
RP11-380G5.3	RPL11P3
RP1-65J11.1	LINC01778
RP11-408H1.3	LINC02068
RP11-12A2.3	LINC01625
RP11-231C14.3	SMG1P6
RP11-1007O24.3	TMEM202-AS1
ATP5F1P7	ATP5PBP7
RP1-23K20.2	LINC01201
RP11-170J3.2	RPL23AP58
CYorf17	PRORY
C3orf17	NEPRO
RP5-991C6.3	LINC01526
RP11-431K24.3	LINC01714
RP11-27M24.3	LINC01290
RP11-758M4.1	MIR2052HG
RP11-113I22.1	LINC02160
KIAA0125P2	FAM30C
RP11-81B10.2	SAR1AP2
C13orf35	ATP11AUN
WBSCR17	GALNT17
RP11-854K16.2	BCAR1P2
RP11-5P22.3	LINC02229
RP11-711C17.2	LINC02394
ATP5G1P1	ATP5MC1P1
DEFB108P1	DEFB108A
RP11-192P9.1	CARSP2
RP11-432N13.4	SAGE2P
RP11-442H21.2	DDIT4-AS1
RP11-472I20.1	RPL23AP63
DNAJC3-AS1	DNAJC3-DT
PIDD	PIDD1
RP5-1051J4.6	GIMAP3P
RP11-2N5.2	LINC02216
RP11-438N16.1	LINC01234
RP11-71H9.1	LINC01324
RP11-159A18.1	RPS26P45
RP13-726E6.3	SNRPCP5
Y_RNA	RNY1P12
RP11-532F12.5	SPINT1-AS1
RP11-1033A18.1	HSP90AA2P
SELT	SELENOT
RP11-248B24.4	POLR3GP1
SUV420H1	KMT5B
FAM115C	TCAF2
RP11-8L18.2	RPS12P16
AC006156.2	TSPY6P
TCEB1P8	ELOCP8
RP11-761I4.3	TMC3-AS1
GPR128	ADGRG7
AC073283.4	EPCAM-DT
RP11-16D22.2	LINC02343
RP11-394A14.2	OR7E104P
FAM65C	RIPOR3
CYR61	CCN1
AC018359.1	LINC01811
RP11-321G12.1	LINC02568
RP4-816N1.6	ITFG2-AS1
AC007163.3	LINC01792
RP5-882O7.4	PPIAP35
RP11-7O14.1	LINC01571
RLTPR	CARMIL2
RP11-813N20.3	UGT2B26P
XXyac-YX65C7_A.4	VTA1P1
PROSC	PLPBP
AC064847.4	NDUFB4P4
RP11-476D10.1	LINC02555
RP11-32D17.4	SEPT14P12
PPAP2A	PLPP1
RP11-436I24.1	PHACTR2-AS1
CTC-325J23.3	LINC01337
RP11-104D3.1	RPL23AP16
LL0XNC01-16G2.1	PNMA6F
AD000092.3	RPS6P25
RP11-320P7.1	LINC01481
RP1-46F2.2	LINC01405
RP11-147L13.7	RDM1P3
RP11-411B10.6	FRG2LP
RP11-152C15.1	H2AFZP2
RP11-1036E20.10	WARSP1
CTD-2313N18.7	DEFB131B
RP11-169K19.1	NTAN1P1
AC009299.3	LINC01806
RP11-651P23.2	PPIAP73
CCDC42B	CFAP73
RP11-543E8.1	LINC01737
C7orf62	TEX47
RP11-436I9.5	KRT17P8
AF228730.12	SNRPCP6
RP11-354A14.1	LINC02235
RP11-88H9.2	LINC01750
RP11-166D19.1	MIR100HG
CTC-490E21.13	CYP2A7P2
PRKRIRP2	THAP12P2
SGK494	RSKR
TSPY6P	TSPY9P
AC006262.5	IGFL2-AS1
RP11-295M18.2	LINC01352
Z95114.7	MTCYBP34
RP11-558F24.6	MZT1P1
RP11-286M16.1	LINC01682
RP11-23O13.1	LLPHP1
RP11-614F17.2	SNHG27
CTD-2131I18.1	WSPAR
RP11-21G20.1	NDUFB2P1
LINC00633	ETDB
RP11-626P14.1	LINC02294
KRTAP4-16P	KRTAP4-16
RP11-613C6.4	SRP14P3
RP11-374C13.1	EEF1DP6
RP11-667M19.1	RPS29P19
RP11-375B1.3	LINC01574
RP11-129M6.1	LINC02315
RP11-343N15.1	SRGAP2-AS1
RP1-272J12.1	ISX-AS1
RP11-309P22.1	RPS6P15
FAM179A	TOGARAM2
RP11-506B6.3	RPSAP45
TMEM247	LINC02583
ATP5EP2	ATP5F1EP2
AP000662.9	PPIAP42
OSER1-AS1	OSER1-DT
AC096568.3	GNL2P1
RP11-52B19.7	SNRPCP17
ZRSR1	ZRSR2P1
PRKRIRP5	THAP12P5
RP3-334F4.2	RPL10P10
NACAP1	NACA4P
RP11-77K12.5	TMEM231P1
C17orf59	BORCS6
RP11-70F11.11	LINC02396
RP11-490M8.1	CRIM1-DT
PRAMEF26	PRAMEF25
RP11-613M5.1	RPL7AP9
AC141928.1	LINC02600
RP11-159J3.1	GAPDHP35
RP11-752G15.6	SNHG21
RP11-15J10.1	CBWD4P
AC010095.5	LIMS1-AS1
RP11-241F15.6	MTCO3P42
AC005037.4	RPL23AP30
C21orf67	LINC01547
RP11-219C24.8	PRAMEF32P
CTC-575D19.1	RPL10P9
LINC00935	TEX49
RP11-314P15.2	LINC02306
AC131097.3	LINC01237
FAM27L	FAM27E5
ATP5J2-PTCD1	ATP5MF-PTCD1
RP11-226P1.1	RPL9P6
RP11-25I15.3	LINC02450
RP5-827C21.4	COA6-AS1
RP11-404O13.1	LINC01704
AC026882.1	HINT2P1
RP11-522L3.4	MTCO2P19
TCEB1P18	ELOCP18
RP11-264E23.1	SNRPCP13
CTD-3179P9.1	LINC02147
CIRH1A	UTP4
CTB-35F21.2	PSD2-AS1
AC092580.4	LINC01871
RP11-737O24.4	SNRPCP4
RP11-97N5.2	CT45A11P
CTD-2292P10.4	LNCOC1
CTA-134P22.2	CADM3-AS1
RP4-784A16.5	LINC01771
GS1-259H13.2	TMEM225B
C17orf74	SPEM2
CTD-3018O17.3	ZNF528-AS1
RP11-15H20.5	IPO5P1
RP11-433P17.3	MTCO1P28
RP11-109M19.4	MTCYBP33
LPHN3	ADGRL3
RP11-98L4.1	EIF5P1
AP000345.4	LINC02557
AC104809.3	CROCC2
RP11-350G13.1	RPSAP49
CTA-217C2.1	NUP50-DT
RP11-700N1.1	LINC02502
AC079630.2	LINC02471
RP11-256L11.1	LINC01486
RP11-215N21.1	LINC01435
RP11-515K14.1	GTF3AP6
RP11-45O22.1	FKBP4P2
LL22NC03-22A12.9	ASH2LP2
RP11-347D21.3	LINC01522
RP4-788L20.3	LNCNEF
C1orf106	INAVA
C2orf71	PCARE
RP11-248J23.5	RPL21P90
AC018799.1	LINC01821
AC068610.3	LINC01393
RP6-145B8.3	STIP1P3
AC025335.1	RNF227
RP4-684O24.5	PDYN-AS1
RP11-734K2.4	POC1B-AS1
CCDC109B	MCUB
C6orf57	SDHAF4
RP11-666I19.2	DLGAP2-AS1
RP11-314O13.1	ARLNC1
RP11-844P9.3	BRCC3P1
RP11-157B13.3	MTDHP5
AC093642.5	LINC01881
C12orf39	SPX
RP5-1073F15.1	RPS29P21
AP001046.5	LINC01679
RP11-234B24.2	GAU1
snoU13	SNORD13P3
AC068538.4	LINC01849
RP11-93K7.1	ACTG1P18
AC002115.5	LINC01766
AC027612.6	LSP1P4
AL133249.1	LINC01946
RP11-1072C15.3	SMCO4P1
RP11-672L10.1	LINC01904
RP11-148K14.1	LRRC34P2
AP000235.2	LINC01692
LOC124685	MYL6P5
RP11-501J20.2	MIR3663HG
RP11-275I14.4	ACBD3-AS1
RP3-433F14.1	MTCO1P56
RP11-440K22.1	PPIAP74
CTD-2135D7.5	LINC02185
ATP5HP1	ATP5PDP1
FAM65A	RIPOR1
ATP5J2P6	ATP5MFP6
AC007879.7	MYOSLID
NAMPTL	NAMPTP1
AC016753.7	RPSAP22
RP11-106M7.4	RPL15P13
CTD-2194F12.1	CCNB3P1
AC091813.2	NUP35P2
RP11-368I7.4	LINC02166
RP11-57I17.3	CDCA4P3
RP11-299L17.4	DYNLL1P2
EP400NL	EP400P1
RP11-909B2.1	LINC01538
KIAA1161	MYORG
RP11-367J11.3	LINC02447
RP11-5P4.1	LINC01739
FOLR4	IZUMO1R
RP11-380B22.1	LINC01699
RP11-121J20.1	LINC02460
ATP5J2P3	ATP5MFP3
GPR111	ADGRF2
IGJP1	JCHAINP1
GATSL3	CASTOR1
CCDC147	CFAP58
KCNE1L	KCNE5
RP11-1000B6.3	LINC02256
DYX1C1	DNAAF4
TRAPPC2P1	TRAPPC2B
CTD-2192J16.15	RPL10P16
RP11-6J24.6	CDC37L1-DT
RP11-290F20.3	SMIM25
CTD-2275D24.2	LINC01333
RP11-575F12.1	LINC02405
AC012309.5	LINC01535
RP11-88I21.2	LINC02016
AC016735.2	LINC01819
C18orf42	AKAIN1
CTC-241F20.3	CARD8-AS1
RP11-255H23.3	BNIP3P39
BX664724.4	SDR42E1P3
CTD-2090I13.1	LINC01641
AC113618.1	LINC01937
RP11-463J7.2	LINC01720
MIR3158-2	MIR3158-1
ATP5F1P6	ATP5PBP6
RP11-202D1.3	LINC01919
RP11-8L8.2	LINC02285
CTD-3049M7.1	LINC01579
RP11-930O11.1	LINC02284
U4	RNU4-5P
ZUFSP	ZUP1
AC009492.1	DIRC3-AS1
RP11-449D8.3	PPIAP57
FAM108A8P	ABHD17AP7
RP11-394I13.1	LINC01960
RP11-316K19.3	PPIAP91
RP11-945C19.1	MIR3976HG
CTB-159G17.2	BNIP3P34
FAM212B	INKA2
AC090774.2	SPECC1P2
CTD-2246P4.1	LINC02080
RP11-323D18.5	RPL23AP20
RP11-391L3.5	PPIAP51
AC017076.5	NRIR
LINC00035	ABHD11-AS1
AC020571.3	HECW2-AS1
RP11-106A1.3	RPS3AP54
AC074338.4	RPS29P14
RP5-952N6.1	LINC01788
CCDC64B	BICDL2
C16orf59	TEDC2
RP11-813N20.1	UGT2B27P
C11orf82	DDIAS
C5orf27	LINC01554
RP11-166A12.1	LINC02201
AC007551.3	SEPT7-AS1
RP11-359M6.3	NOP56P3
C9orf89	CARD19
RP11-766N7.3	LINC02389
AC005013.1	TRIL
PCNXL3	PCNX3
CTD-3064M3.1	LINC01300
PRAMEF23	PRAMEF5
RP11-453M23.1	LINC01916
RP11-37O16.3	MTCO1P15
RP11-3P17.4	LINC02067
RP11-152C17.1	LINC01997
NARG2P2	ICE2P2
U6	RNU6-90P
AL591704.5	LAPTM4BP1
GPR64	ADGRG2
NAPRT1	NAPRT
CTD-2015H6.2	RPS27AP9
AP001631.9	FRGCA
AC073135.3	FRG2FP
RP5-871G17.5	GAPDHP74
AC078883.3	ITGA6-AS1
RP11-53M11.4	TRMT112P7
CTC-559E9.10	BNIP3P10
RP1-148H17.1	LINC01754
AC096669.3	LINC01886
GAS6-AS2	GAS6-DT
AC005037.6	MTND4LP13
CTB-161K23.1	CYP51A1-AS1
RP11-540O11.4	INO80-AS1
MIR4453	MIR4453HG
AC062017.1	HDAC4-AS1
LOC440461	ARHGAP27P2
RP11-363D24.1	LINC01509
SUGT1P	SUGT1P1
RP11-329N22.1	LINC01685
PRKRIRP6	THAP12P6
RP11-316M21.9	SPCS2P2
RP11-392O17.1	LYPLAL1-AS1
RP1-43O17.2	LCEP1
AC007316.3	AP1S2P1
KIAA1524	CIP2A
RP11-309N24.1	LINC02630
MLLT4	AFDN
RP6-109B7.3	PRR34-AS1
RP11-452K12.6	RPL34P20
RP11-134P9.3	LINC01353
MIR143HG	CARMN
FAM109A	PHETA1
CTGLF8P	AGAP13P
RP11-350J20.4	BTBD10P2
TEX40	CATSPERZ
WI2-81516E3.1	LINC01310
RP11-166J22.1	RPS27AP18
RP11-420O16.1	CDH18-AS1
RP11-340B18.1	LINC01179
CCDC64	BICDL1
AC007742.7	XKRY
BRWD1-IT2	BRWD1-AS2
FAM108A10P	ABHD17AP9
RP11-434O22.1	RPL12P6
CTC-436P18.3	LINC02057
AC092594.1	LINC01376
ATP5J2	ATP5MF
AC025811.1	BNIP3P33
RP4-665J23.1	LINC02609
RP11-357C3.3	LINC01278
AC009960.4	MTATP6P17
RP1-85F18.5	EP300-AS1
RP5-1007M22.2	LRRC8C-DT
GS1-24F4.1	RPL23AP96
CTB-87J17.2	BNIP3P36
RP11-712C7.1	LINC01255
CTD-2008P7.9	ERVE-1
RFWD2	COP1
RP11-80G7.1	HMMR-AS1
AL138764.1	C8orf59P1
RP4-760C5.5	LINC01733
FAM69C	DIPK1C
ELTD1	ADGRL4
RP11-109M19.2	MTND4P34
RP11-279F6.1	DRAIC
RP11-219B17.2	RORA-AS2
PAK7	PAK5
CTD-2568A17.5	LINC01869
RP11-204H9.2	DPP3P1
CTD-2144E22.2	NAMPTP3
RP6-65G23.1	LINC01269
RP11-214L13.1	LINC01416
AC006273.5	LINC01836
RP11-6B4.1	LINC02027
RP11-568K15.1	CRYZL2P
RP11-1110J8.1	RPL21P99
MIR4519	MIR762HG
RP11-648O15.1	XIAPP2
RP11-890B15.2	LINC02551
RP11-345M22.3	LINC01228
RP11-522L3.5	MTATP6P19
RP11-484N16.1	LIVAR
RP11-103G8.2	ERICH6-AS1
RP11-101C11.1	MIR4422HG
AC015726.1	NDUFB4P3
AC025627.4	MTCO1P39
RP11-191N8.2	LINC01655
FAM132A	C1QTNF12
RP11-12N13.4	MTCO3P38
RP11-156N15.1	SNRPCP2
CTD-2207L17.2	B3GNTL1P1
CTD-2275D24.4	LINC01335
AD000090.2	TMEM147-AS1
RP11-410N8.4	NOL4L-DT
IGKV2OR2-7D	IGKV2OR2-7
C12orf79	LINC01619
FAM115A	TCAF1
snoU13	LINC01998
RP11-96J15.2	FGF7P7
Metazoa_SRP	RN7SL778P
AC011738.4	LUARIS
RP11-39K24.13	MTCO3P11
RP11-205M3.3	LINC02275
RP11-3N2.11	MTND4LP2
RP4-769N13.6	ARMCX5-GPRASP2
RP6-105D16.1	RPSAP61
RP11-414H17.2	RPL32P23
RP4-669L17.4	SEPT14P13
CTBP1-AS2	CTBP1-DT
AQPEP	LVRN
RP11-126K1.2	ZNF687-AS1
RP11-400N13.3	LINC01705
CTC-555I19.1	DDX43P1
RP11-565F4.1	PRELID3BP8
Y_RNA	RNY4P36
HTATSF1P	HTATSF1P1
RP11-332E3.2	LMO7DN-IT1
FAM115B	TCAF1P1
LINS	LINS1
RP11-321E8.5	ZNF680P1
RP11-350G8.5	IL6R-AS1
TSSC1	EIPR1
ASUN	INTS13
RP11-421N8.2	LINC01912
RP11-747D18.1	LINC02023
CENPVP3	CENPVL3
AC013437.4	MTND4LP12
RP11-377K22.3	RPL23AP85
Y_RNA	RNY3P13
AC013437.6	MTCO3P5
LINC00694	C3orf86
RP11-266I3.5	MTCO1P52
C10orf32	BORCS7
CTD-2315E11.1	IDH2-DT
RP11-126L15.4	SLC12A9-AS1
RP11-79P5.7	LINC01385
RP11-477N12.3	GSG1L2
RP11-998D10.5	CKAP2P1
C17orf104	MEIOC
AC008074.4	LINC01805
RP11-626I20.3	LINC02401
GPR126	ADGRG6
RP11-357K6.1	LINC02440
CTC-465D4.1	LINC02468
AC007050.18	CCDC74BP1
RP11-765K14.1	LINC02509
KIAA0196-AS1	WASHC5-AS1
LINC01171	C11orf97
RP11-85F14.1	RAD51AP1P1
DHFRL1	DHFR2
RP11-415A20.1	LINC02567
ZSCAN5D	ZSCAN5DP
RP11-91A15.1	MTCO1P6
RP11-706O15.5	FAM239B
RP11-706O15.7	FAM239C
TAAR3	TAAR3P
CTC-228N24.3	LINC01184
MIR382	MIR487A
RP11-600K15.1	LINC01592
AL035610.1	LINC01697
CTD-3030D20.2	BNIP3P25
TSSK5P1	TSSK5P
RP11-86L19.2	TOPORSLP
RP11-320M16.1	MTCO1P2
CTB-135N1.2	BNIP3P29
GS1-124K5.6	GTF2IP9
XXbac-B135H6.15	LINC01637
RP11-491H19.1	LINC02625
EMR1	ADGRE1
CCDC101	SGF29
CTD-2354A18.1	LINC02582
RP11-19F9.1	RPL12P40
ZCCHC6	TUT7
RP11-402J6.2	RPL23AP94
AC124944.4	KIF3AP1
TBC1D27	TBC1D27P
RP11-642P15.1	TTC41P
LINC00998	SMIM30
RP11-12D24.7	RNF152P1
CTD-2127H9.1	OSMR-AS1
RP11-40F8.2	PTCHD1-AS
RP3-433F14.4	MTATP6P25
RP11-256L6.4	YPEL5P3
RP11-165H4.3	SAPCD2P1
RP11-797H7.3	EEF1DP4
FAM198A	GASK1A
RP11-270M14.5	TGFB3-AS1
RP11-395B20.1	ATP5F1AP4
RP5-1166F10.1	LINC01777
5S_rRNA	RNA5SP525
RP11-149A7.2	LINC01256
RP11-163N6.2	LINC01301
CTD-2014E2.6	LINC02190
SEPW1P	SELENOWP1
RP4-597A16.3	BRWD1P1
C9orf41	CARNMT1
POLR2CP	POLR2CP1
CTD-2081C10.1	LINC02105
CTD-2275D24.3	LINC01332
C1QBPP	C1QBPP1
RP11-398E10.1	LINC02302
RP11-124D2.7	H3F3AP2
TGIF2-C20orf24	TGIF2-RAB5IF
C15orf37	ST20-AS1
LINC00966	MIR124-2HG
SOX5P	SOX5P1
RP11-404O18.1	CCNG2P1
RP11-405A12.1	TCP1P3
RP11-282K24.2	MEF2BNBP1
WBSCR27	METTL27
CCDC147-AS1	CFAP58-DT
WBP5	TCEAL9
RP11-13A1.1	LINC02458
RP11-382J12.1	LACTB2-AS1
CTD-2542O7.2	RPL12P49
GIF	CBLIF
AC007163.8	MTCO2P16
RP11-399D6.2	LINC01239
RP11-460N16.1	SAMMSON
XRCC6BP1	ATP23
RP11-231C18.1	LINC02283
C3orf65	IGF2BP2-AS1
C10orf85	LINC01561
RP11-638I8.1	GTF2IP13
GAREM	GAREM1
RP11-276E17.2	LINC01675
RP11-478P10.1	LINC02225
RP11-174B4.2	RPSAP75
AL022344.4	LINC01518
C10orf118	CCDC186
RP11-413P11.1	LINC01708
SELM	SELENOM
RP11-153M3.1	HSPD1P4
C21orf90	TSPEAR-AS2
FAM127A	RTL8C
AC007272.3	RPL17P10
RP11-515E23.1	SMIM36
C19orf40	FAAP24
NOV	CCN3
RP1-97J1.2	LINC02527
RP11-559N14.5	DNAH17-AS1
RP11-521C20.3	BMF-AS1
EFTUD1P1	EFL1P1
SKINTL	SKINT1L
RP11-368I23.2	LINC02082
AC073072.6	MTCYBP42
ZNF321P	ZNF816-ZNF321P
RP11-65J21.1	LINC02130
CTD-2320B12.3	MTND4P33
RP1-224A6.3	LINC01635
RP11-170N11.1	LINC01361
RP11-133I21.2	NANOGP11
PPAPDC1A	PLPP4
LINC00577	LIN28B-AS1
RP3-450M14.1	ADI1P1
DYNLL1-AS1	NRAV
FBXO18	FBH1
TM4SF19	TM4SF19-TCTEX1D2
RP11-168E17.1	LINC02270
RP11-654D12.1	BRWD1P2
ALPPL2	ALPG
RP11-406O16.1	LINC02549
RP11-182B22.2	RPSAP21
RP11-255N24.1	C2orf27AP2
RP11-493K23.1	PABPC1L2B-AS1
RP11-662B19.2	INTS9-AS1
DFNB59	PJVK
RP11-346I3.4	RRS1-AS1
RP11-619L12.1	RPL12P22
AC074091.13	LINC01460
GPR56	ADGRG1
RP11-665E10.5	MTCYBP41
AC012313.1	RNF225
ALS2CR11	C2CD6
Z83851.3	OGFRP1
CTD-2023M8.1	LINC02100
AP001891.1	LINC02151
KAL1	ANOS1
RP11-36D19.4	ZNF519P1
FBXL21	FBXL21P
RP11-71E22.1	JKAMPP1
TTC40	CFAP46
RP13-653N12.2	LINC02368
AC010747.2	RPL23AP33
AP002954.6	TREHP1
CTB-43E15.3	LINC01484
RP11-10D7.2	BUD31P1
RP11-593P24.3	MTND5P41
CDIPT-AS1	CDIPTOSP
RP11-790I12.2	UGT2B24P
RP11-4K16.2	MAL2-AS1
U6	RNU6-86P
5S_rRNA	RNA5SP108
GBAS	NIPSNAP2
RP11-472N13.3	MACORIS
AC009499.2	LINC01318
RP11-4K3__A.5	ACTG1P20
RP11-6F2.5	LINC02029
AP001171.1	LINC02573
CTD-2010I22.2	LINC02064
TCEB1P33	ELOCP33
AC009948.5	PRKRA-AS1
CTD-2024I7.1	RPS27AP10
RP11-145E17.2	LINC02247
CCDC41	CEP83
AC010744.1	LINC01809
AC093391.2	DARS-AS1
AC012594.1	MYO3B-AS1
RP11-101E14.2	LINC01370
AC078899.2	BNIP3P18
CTD-2194D22.2	LINC02116
RP11-132N15.3	LINC01991
AC096559.1	MIR3681HG
RP11-90P5.7	RNU6-323P
HOXD-AS1	HAGLR
AC004159.1	RPL10P11
RP11-755B10.2	DENND6A-AS1
TMEM194B	NEMP2
RPL12L3	RPL12P12
GMDS-AS1	GMDS-DT
RP11-80F22.13	FRG2IP
RP1-92C8.2	RAP1BP3
AC098823.3	LINC01907
BX005214.1	FGF7P4
CXorf36	DIPK2B
PRKRIRP9	THAP12P9
RP11-181C3.1	LINC02453
RP11-602M11.3	ACTG1P15
RP5-905H7.5	ARAFP3
RP4-544H6.2	LINC01364
FDX1L	FDX2
T	TBXT
RP11-398K14.1	SGO1P2
RP11-557B23.3	RPSAP67
HYALP1	HYAL6P
AL390877.1	PNRC2P1
KIAA1199	CEMIP
RP11-298P6.5	MIOXP1
RP11-328M4.3	LINC01276
RP11-4F22.2	PRKCA-AS1
PDPK2	PDPK2P
NDNL2	NSMCE3
AC018804.7	NOC2LP1
RP11-122F24.1	LINC02196
RP4-792G4.2	FOXD3-AS1
AP001055.6	LINC01678
RP11-384C4.3	RPL23AP18
RP11-375D13.2	LINC01499
C1orf173	ERICH3
RP11-227J5.3	B3GAT3P1
SNORA3	SNORA3A
C6orf10	TSBP1
AC011343.1	LINC01847
RNVU1-9	RNVU1-7
RP11-871F6.2	TIMM17BP1
HPRTP3	HPRT1P3
RP11-695J4.2	PLBD1-AS1
RP11-3L23.2	LINC02423
AC092338.5	MFSD13B
RPA3-AS1	UMAD1
RP11-500K19.1	LINC02049
C1orf172	KDF1
LINC00116	MTLN
AC021021.1	PIK3CDP1
RP11-323I14__A.1	DHFRP6
MUT	MMUT
PVRL3	NECTIN3
MFSD4	MFSD4A
AC010090.1	LINC01412
RP11-150L8.3	NUTF2P6
FAM92A1	FAM92A
RP11-80F22.5	AGGF1P6
RP11-648M2.2	KCTD9P5
Metazoa_SRP	RN7SL760P
Y_RNA	RNY1P15
LL22NC03-86D4.1	LINC01643
RP11-215A21.2	RPL17P36
RP11-693N9.2	CASP17P
ATP5G1P7	ATP5MC1P7
RP11-332H21.2	PDHA1P1
CCRN4L	NOCT
KB-1592A4.13	E2F6P2
ZNF812	ZNF812P
TCEB1P23	ELOCP23
AC073928.2	LINC01853
RP11-144N1.1	TMPOP2
RP11-750B16.1	MTCO1P40
CTD-2325A15.2	PRELID3BP4
RP11-250H24.4	GXYLT1P6
RP11-89K22.1	LINC02286
SDCCAG3	ENTR1
RP11-620J15.3	GIHCG
RP4-545C24.5	PPIAP83
RP11-747H12.6	SNRPCP16
CTC-255N20.1	STK32A-AS1
RP11-577G20.1	LINC02494
RP11-785F11.1	LINC02510
KIAA2022	NEXMIF
RP11-403I13.6	FAM91A3P
RP4-710M3.1	RPL12P30
RP11-749H20.4	LINC02393
RP11-407B7.1	LINC02028
RP13-221M14.3	PRAMEF36P
C20orf195	FNDC11
RP11-182I10.3	LINC01359
RP11-671J11.1	RPL23AP71
AC074212.3	BHMG1
RP11-1006G14.2	LINC02259
RP11-547I7.2	LINC01351
ZNF542	ZNF542P
CYP2D7P	CYP2D7
RP11-111M22.2	GVQW3
RP11-5A11.1	PTMAP15
CTC-499B15.4	ZNF833P
CTC-513N18.5	BNIP3P22
RP11-82L2.1	SMC2-AS1
SUZ12P	SUZ12P1
AC092168.3	LINC01868
RP11-479G22.6	MTND4LP11
TCEB2P4	ELOBP4
CTD-2090I13.2	NUCKS1P1
RP11-96C23.5	AGAP11
RP11-567P17.2	MTCO2P29
PNMA6C	PNMA6A
RP11-261C10.3	LINC01347
METTL10	EEF1AKMT2
RP11-704C2.1	LINC01898
KIAA0226	RUBCN
SGOL1	SGO1
ATP5LP5	ATP5MGP5
RP11-3N2.9	MTCO3P8
RP11-342D11.3	IATPR
RP11-160A9.2	NDUFAB1P1
SELO	SELENOO
TMEM57	MACO1
ZNF816-ZNF321P	ZNF321P
RP11-380P13.2	ERVH-1
RP11-400D2.3	LINC02462
RP11-14K3.3	AGGF1P7
DOCK9-AS2	DOCK9-DT
GOLGA6L7P	GOLGA6L7
RP11-706O15.3	FAM239A
LSMD1	NAA38
CTD-2247C11.5	LINC02121
CTC-360P9.3	LINC01533
CTC-439O9.3	LINC01791
RP11-15E18.4	LINC01999
TMEM5	RXYLT1
RP11-374M1.3	FAM242E
RP11-476F14.1	LINC02628
MLTK	MAP3K20
RP5-857K21.7	MTCO2P12
RP11-52L11.7	MTCO3P35
CTD-2522B17.6	DUX4L47
RP11-47P18.2	LINC02050
AC008281.1	LINC01803
C17orf70	FAAP100
RP11-39K24.12	MTATP6P11
C10orf76	ARMH3
AE000658.27	UBE2NP1
RP11-443N24.1	TDGP1
CTA-833B7.2	NCF4-AS1
CTD-3135A9.3	RN7SL260P
CTA-397H3.3	CERNA3
RNA5SP357	RNA5SP389
AMICA1	JAML
RP11-37O16.7	MTCO3P15
RP11-94A24.1	SMILR
AC019100.7	WASF1P1
ATP5G1P5	ATP5MC1P5
RP11-1143G9.2	C1GALT1P1
RP11-16L9.3	LINC01222
TMEM30C	TMEM30CP
RP1-199H16.6	RPS29P31
AC011516.2	LINC01785
AC005326.2	SNRPCP9
RP11-189B4.6	LINC01198
NARG2P1	ICE2P1
CTD-2244F11.2	B4GALNT2P1
RP13-616I3.1	LINC02012
AC007970.1	LANCL1-AS1
RP11-495P10.6	LINC01731
AC008271.1	LINC01804
AP000688.8	LINC01436
CTC-496I23.1	LARP7P2
PFN1P7	PFN1P6
AGPAT9	GPAT3
RP11-319E12.1	LINC02380
RP1-90J4.1	LINC02156
AC084018.1	LINC01089
C18orf64	LINC01387
RP11-467J12.1	PHBP21
RP11-132M7.3	TBX18-AS1
RP11-291J9.1	MTATP6P30
RP11-23J9.4	STRA6LP
RP11-347D21.4	LINC01523
C8orf46	VXN
TLDC1	MEAK7
MTERF	MTERF1
RP11-95L3.2	LINC02013
CTD-2156G10.1	RPSAP38
PTPLA	HACD1
RP11-510I6.1	RPL23AP44
RP5-1057I20.2	LINC02354
AHSA2	AHSA2P
RP11-406A20.4	MIR4290HG
C9orf156	TRMO
RP11-1101K5.2	SERPINA15P
RP11-205M20.7	DFFBP1
APITD1-CORT	CENPS-CORT
AC092796.1	MTND4LP9
FAM127B	RTL8A
RP11-564C4.6	BEND3P1
RNU6-1295P	RNU6-318P
AP001053.11	AATBC
RP11-450H5.1	LINC01326
CTC-228N24.1	CCDC192
PCDHB18	PCDHB18P
RP11-328K4.1	LINC02428
PTPLAD2	HACD4
RP11-1C1.5	LINC02213
CTB-118N6.2	SEMA6A-AS2
NDUFA6-AS1	NDUFA6-DT
RP11-398C13.2	RPSAP7
ABC7-43041300I9.1	RPL23AP88
RP11-35J1.1	LINC02540
AC007248.7	SDR42E1P5
LPHN2	ADGRL2
CTD-2125J1.1	LINC02252
RP11-923I11.7	FIGNL2
RP11-465N4.4	ELF3-AS1
RP11-1217F2.13	MTCYBP5
RP11-337A23.3	IFT74-AS1
RP11-573D15.6	GPS2P2
Metazoa_SRP	RN7SL828P
RP11-466A17.1	GNA14-AS1
CTD-2006C1.2	ZNF433-AS1
RP11-265N6.3	MYL12BP1
RP11-686F15.3	CISTR
RP1-20N4.1	BECN1P2
AL022393.7	ZNF603P
RP11-65J3.1	LINC01503
RP13-614K11.2	LINC01345
RP11-291L19.1	PPIAP36
CARKD	NAXD
CTB-118N6.1	RPS14P8
FAM183B	FAM183BP
C21orf140	FAM243A
XXbac-BPG249D20.9	LINC02569
RP11-95P2.1	LINC01569
RP11-379C1.1	SGO1P1
RP11-345F18.1	EXOC1L
CTD-2141G3.1	MFSD4BP1
FAM115D	TCAF2P1
RP11-313I2.2	UBTFL10
LINC01158	PANTR1
LPPR4	PLPPR4
AC114813.1	LINC01941
RP11-459C13.1	LINC01975
C1orf168	FYB2
AC002511.1	LINC01531
RP11-168G16.2	CERS3-AS1
RP11-299G20.3	PCSK6-AS1
RP11-432I5.1	TAT-AS1
RP11-240A16.1	LINC02353
RP11-521E5.1	LINC02479
RP11-79P5.5	LINC01386
RP11-156G14.6	RPS29P17
RP11-121L11.2	LINC01017
CTD-2201E18.1	PRELID3BP7
RP11-341A22.2	LINC01492
AC005176.3	RPS29P30
RP4-586O15.1	LINC01760
RP11-30J20.1	LINC02055
EMR2	ADGRE2
XXbac-B476C20.17	LINC01634
CTD-2547L16.2	MTND4LP26
FAM211B	LRRC75B
CTD-2315A10.1	PPIAP5
RP11-1112J20.1	PARP1P2
RP11-26L16.1	LINC02309
SYT14L	SYT14P1
CBWD7	CBWD6
CECR1	ADA2
GATS	CASTOR3
RP11-12P19.1	BTG4P1
RP1-167G20.1	LINC02150
RP11-3N2.13	ZNF727
RP11-64C1.1	LINC02030
FAM73B	MIGA2
RP11-294O2.2	SMIM31
CTB-88F18.4	SELENOTP2
RP11-89C3.4	LINC02550
RP11-435P24.3	LARP7P1
KIAA1919	MFSD4B
RP11-683L23.1	TUBB8P12
RP13-614K11.1	LINC01346
RP11-991C1.1	LINC02279
RP11-123C21.2	HMGB1P51
RP11-115H18.1	LINC01990
AC009960.1	MTCO1P17
RP11-468B6.1	ZNF735
KCNC4-AS1	LINC02586
RP1-278O22.1	LINC01752
SMEK3P	PPP4R3C
RP11-513D4.2	RPL10AP5
RP1-35C21.1	LINC01645
RP11-151D14.1	LINC01474
RP11-401L13.5	RPL23AP95
RP11-180D15.1	P2RY10BP
AC092669.3	LINC01873
AC005037.1	BICD1P1
MTERFD1	MTERF3
RP11-1124B17.1	LINC02003
RP11-511I2.2	LINC01389
EMR3	ADGRE3
AC068535.3	LINC01831
MIR3119-1	MIR3119-2
RP11-266K4.9	LINC02449
RP11-276H19.1	GAS1RR
RP11-419C5.2	NPIPB14P
GS1-120K12.4	LINC01633
RP11-488I20.2	FRG2GP
RP11-429P3.4	ACTG1P16
CIDECP	CIDECP1
RP5-914M6.1	NDUFB10P2
RP11-317P15.3	LINC01688
RP5-1104E15.6	MGAT3-AS1
IGHV2-70	IGHV2-70D
AC007163.9	MTCO3P16
AC025627.7	SLC47A1P1
RP11-702L6.4	LINC01205
C4orf29	ABHD18
RP11-245J9.4	PSMD6-AS1
AC097495.3	LINC01890
RP11-685N3.1	IGKV3D-7
RP11-587P21.2	LINC02404
FAM63B	MINDY2
GPR97	ADGRG3
AP001607.1	LINC01673
RP11-566E18.3	LINC01963
AMER2-AS1	LINC00463
KIAA1731	CEP295
RP11-332H18.4	TBX2-AS1
RP11-369G6.3	BNIP3P37
RP11-299H21.1	TBC1D8-AS1
ATP5LP2	ATP5MGP2
RP11-383C12.2	BMI1P1
C19orf80	ANGPTL8
AF121898.2	VTA1P2
RP11-46C24.3	LINC02138
AC005592.2	SPRY4-AS1
FAM58DP	CCNQP3
AC051649.6	LINC01219
RP11-117O7.2	MTCO1P51
AC092662.2	MTCO1P45
RP13-36C9.4	MGAT2P1
CTD-2173L22.4	ZNF658B
KIAA2018	USF3
KIAA0368	ECPAS
CTC-236F12.4	LINC01948
FAM45B	FAM45BP
RP5-1114G22.1	RPS29P4
CTD-2552B11.2	SMARCE1P3
AC016697.1	RPSAP27
XX-DJ76P10__A.2	LINC02124
ATP5F1P4	ATP5PBP4
AC012501.1	RPL23AP29
IKBKAP	ELP1
RP11-148B3.1	LINC02457
RP11-243A14.3	LINC01195
AC004463.6	LINC01311
RTFDC1	RTF2
AC007679.1	PPIAP68
ADRBK1	GRK2
RP11-324H6.5	FAM21EP
ERBB2IP	ERBIN
IL10RB-AS1	IL10RB-DT
RP11-103J17.2	LINC02616
RP11-1094M14.4	TOMM20P2
RP11-15B24.2	MTCO3P40
RP5-973M2.2	PACERR
RP3-323P13.2	TARID
PCDP1	CFAP221
MEF2BNB-MEF2B	BORCS8-MEF2B
AC003009.2	TMF1P1
RP11-773D16.1	NUTM2B-AS1
RP11-38J22.2	RPL22P4
RP11-542E6.3	RPS6P14
CTGF	CCN2
RP11-522L3.11	MTCYBP32
RP11-81N13.1	SUCLG2-AS1
FAM96A	CIAO2A
CTD-2373J19.1	DOCK11P1
HN1L	JPT2
RP11-539L10.3	LINC02482
U6	RNU6-89P
RP11-162G10.1	TLK2P2
AP001258.4	FAM111A-DT
RP11-473M14.3	LINC02420
MIR146A	MIR3142HG
ABHD17AP2	ABHD17AP1
RP11-535K18.2	STK24P1
AC016708.2	RPL10P6
RP11-4H14.1	RPL23AP41
RP11-107P7.5	TRIM77BP
AP000322.53	SMIM34A
FAM132B	ERFE
RP5-967N21.2	KANK1P1
INADL	PATJ
CTD-2586B10.1	LINC01862
RP11-576M8.2	LINC01327
Y_RNA	RNY3P11
AC009120.8	PPIAP49
RP11-488C13.1	RPL22P2
RP11-594N15.2	PKIA-AS1
RP11-432N13.3	SAGE4P
RP11-114G11.2	SAPCD2P2
RP11-481A20.10	DEFB131E
AC005355.2	LINC01843
RP11-125M16.1	LINC02530
RP4-777D9.2	KIZ-AS1
CTD-2535L24.3	LINC02563
VIMP	SELENOS
AC018737.3	LINC01823
CTD-2207A17.1	LINC02119
RP11-646J21.5	FBXO3-DT
AC009947.3	RBMY2CP
RP11-764K9.4	FRG1JP
RP11-198M11.2	LINC01491
RP11-430B1.2	CERNA1
RP11-38F22.1	LINC02424
RP11-358M11.3	LINC01413
AP000330.8	LINC01426
RN7SKP41	RN7SKP131
PRSS46	PRSS46P
QTRTD1	QTRT2
AC093822.1	LINC01883
RP11-98D18.9	TDRKH-AS1
CTD-2313P7.1	LINC02143
GS1-600G8.5	LINC02154
KIRREL-IT1	KIRREL1-IT1
RP5-837O21.6	MTND3P21
RP11-51F16.5	EEF1DP7
RP11-345J4.8	SMG1P2
RP11-54K16.2	LAGE3P1
RP11-255J3.3	ATP5PDP2
RP11-664H7.1	MTND4LP18
AC008703.1	LINC01845
DNM1P42	DNM1P38
AC005884.1	RPL23AP74
RP11-167H9.6	LINC01213
RP11-292E2.4	LINC02083
RP11-21L19.1	SPON1-AS1
C16orf93	CCDC189
RP11-73B2.7	ARAFP1
TOPORS-AS1	SMIM27
FAM195B	MCRIP1
RP11-280O1.2	LRRC52-AS1
AC006326.5	MTCYBP6
RP11-402G3.3	TEX48
CCDC23	SVBP
BZRAP1-AS1	TSPOAP1-AS1
RP11-442A17.2	SRPK2P
RP11-17A4.1	RPL37P6
RP11-697H9.4	IMMP1LP1
AP005019.4	ART2P
RP11-475J5.6	MTND4P35
RP11-344H11.4	RPL12P13
C4orf32	FAM241A
AC007163.11	MTND4LP16
RP11-449I17.5	CCND3P1
RP11-522L3.6	MTCO3P19
LEPRE1	P3H1
AC010982.1	LINC01191
RP11-157D23.2	LINC01283
RP11-57C13.5	RPS26P38
XXbac-BPG252P9.10	IER3-AS1
RP11-7O20.4	OR7E41P
RP11-429O1.1	LINC01982
RP11-451M19.2	RPL21P91
RP11-89K21.1	LINC01833
CTD-2650P22.1	MAPK6-DT
RP11-430C1.1	LINC02141
ATP5SL	DMAC2
RP11-322N21.2	P3R3URF
GPR124	ADGRA2
RP11-443J23.1	NOL8P1
PTPLAD1	HACD3
TBC1D29	TBC1D29P
RP11-501O2.5	LINC02046
LINC00657	NORAD
RP11-3N2.7	MTCO2P8
RP11-542B15.1	LINC02408
C1QTNF9B-AS1	PCOTH
RP11-393M18.4	SLC4A1APP2
RP4-680D5.4	CD24P1
RALGAPA1P	RALGAPA1P1
RP11-183E9.2	NUP35P1
RP11-745O10.2	LLPH-DT
RP11-197P3.4	CARNMT1-AS1
RP11-439E19.3	LINC01341
RP11-79P5.2	FOXD1-AS1
RP4-735C1.6	LINC01768
CTD-2589H19.4	BRD9P2
KIAA0125	FAM30A
RP11-453F18__B.1	FIRRE
ITFG3	FAM234A
FAM213B	PRXL2B
RP11-43N5.1	LINC02421
DEFB108P4	DEFB108E
RP11-583M2.2	SINHCAFP3
AC004381.6	REXO5
C1orf51	CIART
AC010141.1	FAM197Y10
RP5-977B1.7	DLGAP4-AS1
RP11-871F6.3	LINC02378
KLRAP1	KLRA1P
RP11-446H13.2	RPL23AP59
AC092653.5	NAT8B
RP11-41O4.2	LINC01910
RP5-855F14.1	LINC01354
AC013437.7	MTCO2P5
METTL12	CSKMT
AIM1L	CRYBG2
RP11-927P21.12	RDM1P4
TCEB1P12	ELOCP12
ATP5A1P7	ATP5F1AP7
RP11-372E1.6	PAQR9-AS1
RP11-193H5.5	MTCYBP15
RP11-71G7.1	LINC01208
RP5-1172N10.2	LINC02601
MESDC1	TLNRD1
KIAA1024	MINAR1
RP11-125B21.2	VLDLR-AS1
MIRLET7DHG	LINC02603
RP11-244B22.5	TP53TG3GP
AC004510.3	LINC01764
RP11-178C3.2	RNFT1-DT
RP1-40E16.9	LINC02525
RP11-433C9.2	LINC02054
RP11-1114A5.5	RAB28P5
RP11-185B14.1	RPL23AP19
RP1-43O17.1	LCEP2
MIR194-2	MIR194-2HG
PLK1S1	KIZ
IRG1	ACOD1
RP11-168L7.3	LINC02314
RP11-493L12.6	PPIAP45
RP11-507K13.4	MAPK6P6
RP11-314N14.1	LINC02377
RP11-380D23.2	PANCR
RP11-648L3.1	RPL26P26
RP11-403A21.2	TTC39C-AS1
RP11-70F11.2	RPL35AP28
CTD-2382E5.1	PLA2G4E-AS1
RP11-111E2.1	NUTF2P3
AC010423.1	PDZPH1P
AC007271.3	IL1R1-AS1
AC114783.1	TEX51
ATP5EP1	ATP5F1EP1
CTD-3065J16.6	SMPD5
AC104135.3	LINC01291
RP11-705O24.2	LINC02155
RP11-474J18.2	MTCO2P24
RP11-352E6.1	ECM1P2
RP11-54D18.3	CLCN3P1
AC093642.6	LINC01880
C19orf77	SMIM24
RP4-635E18.6	EXOSC10-AS1
ATP5O	ATP5PO
RP11-309N17.4	HID1-AS1
RP11-332J15.1	LINC02236
RP11-83M16.5	LINC02242
RP11-10L7.1	PPM1K-DT
RP11-255G12.3	LINC02310
RP11-322L20.1	LINC01148
ERO1LB	ERO1B
RP3-406P24.1	GLRX3P2
AC068282.3	MAP3K2-DT
HCCAT3	ZNF350-AS1
AC110620.2	VDAC2P4
GS1-251I9.4	OTUD6B-AS1
CTB-147C22.3	PPIAP59
DPCR1	MUCL3
RP1-302G2.5	MYMX
CTD-2324F15.2	LINC02145
RP11-175I17.2	PARGP1
TTC18	CFAP70
RP11-70C1.1	LINC02158
RP11-264C15.2	ASTN2-AS1
RP11-4M23.2	BTBD6P1
TCEB1P20	ELOCP20
AC005550.4	LINC02587
RP11-22P6.3	ATP2A1-AS1
GPR75-ASB3	ASB3
RP11-84A1.1	RPS15AP17
RP11-862G15.2	LINC02287
RP11-727A23.11	PCF11-AS1
RP11-59E19.1	C3orf85
RP11-554L12.1	LINC02406
RP11-561N12.4	BNIP3P42
RP1-81P11.1	LINC02464
RP11-641A6.9	BTBD10P1
RP3-416H24.1	KRT7-AS
CTD-2325P2.2	RPL12P7
NUPR1L	NUPR2
RP11-219C20.1	TRIM75P
UGT1A1	UGT1A8
RP5-1100I6.2	LINC01721
RP11-240M16.1	LINC02528
LINC00883	DUBR
AC104600.1	E2F3P2
LINC00959	C10orf143
RP11-423E7.1	RPS27AP8
AP000476.1	LINC01684
RP5-964N17.1	XACT
RP11-10L12.4	UBE2D3-AS1
MIR302B	MIR302CHG
RP11-83C7.2	LINC01258
RP11-58H15.1	RPSAP36
AC003682.17	TPRG1LP1
FAM46B	TENT5B
MIR4461	MTND4LP30
C10orf128	TMEM273
RP11-398M15.1	LINC01701
RP11-364P22.1	LINC02433
RP11-527H14.2	LINC01443
KRT121P	KRT87P
BAI3	ADGRB3
RP5-944M2.3	LINC02347
RP11-250B2.2	RPSAP72
RP11-552D4.1	LINC01736
VPRBP	DCAF1
GLTSCR1	BICRA
RP11-62H7.2	RPL10P19
AC073628.1	LINC01851
U6	RNU6-88P
RP11-293G6__B.2	MTCO3P46
RP11-395L14.3	LINC01961
RP11-1151B14.3	MIR122HG
AC074212.6	DM1-AS
RP11-190D6.2	WWOX-AS1
RP11-79H23.3	LINC02605
C15orf27	TMEM266
CTD-2291D10.1	LINC01858
RP11-995C19.2	RDM1P2
CTD-2228K2.7	SLC9A3-AS1
SNORA34	SNORA2C
RP11-93L14.1	RPL7AP51
RP11-96P7.1	LINC02125
AC008079.9	FAM230D
CTD-2144E22.8	LINC02184
RP11-480I12.4	MGAT4EP
SOGA2	MTCL1
CTD-2526M8.2	LINC02565
C1orf86	FAAP20
RP11-1018N14.2	LINC02072
snoU13	SNORD13P1
RP11-476B1.1	LINC01724
RP11-472I20.2	PHBP2
TRNAQ41P	NMTRQ-TTG12-1
RP11-754I20.2	BNIP3P6
AC144521.1	SATB1-AS1
RP11-567G11.1	LINC02041
AC018470.4	LINC01305
5S_rRNA	LINC02167
AC027269.2	LINC01448
RP3-326I13.1	PINCR
RP5-833A20.1	NFIA-AS1
AC068137.6	MTCO2P7
RP11-432A8.2	EEF1B2P8
SNORA50	SNORA50A
FAM21C	WASHC2C
C1orf101	CATSPERE
RP11-39H13.1	LINC01525
MTERFD2	MTERF4
RP4-763G1.2	LINC01702
CTC-339D2.1	LINC02039
OR5H8P	OR5H8
RP1-102K2.6	LIF-AS1
RP11-290F5.1	LINC02362
RP11-690C23.2	LINC01743
RP11-92G19.2	LINC01892
ZCCHC16	RTL4
SLMO2P2	PRELID3BP2
GS1-18A18.1	VSTM2A-OT1
AC016405.1	CDK5P1
RP11-206F17.2	FAM192BP
RP11-344G13.1	LINC02431
C4orf6	LINC01587
RP11-613F22.5	YWHABP2
RP11-89M16.1	LINC00824
CTD-2320B12.2	MTCYBP27
RP11-231E4.2	LINC01922
FAM230A	FAM230G
C2orf43	LDAH
ANO1-AS2	LINC02584
RP11-449L13.2	AKR1B1P3
RP11-392E22.1	GAS2L1P1
CTC-250I14.1	RPL12P42
ENTHD2	TEPSIN
RP11-101O21.1	LINC02074
AC136896.1	GABRG3-AS1
RP5-884M6.1	LINC02577
AC018720.10	SPDYE5
RP11-496D24.2	LINC02473
RP11-542M13.3	LINC02132
AC124914.3	ARL4AP4
AC008174.3	FSIP2-AS1
AC025627.9	KRT17P6
RP11-67M1.1	SNCA-AS1
CTD-2008N3.1	LINC02063
RP11-699L21.1	LINC02026
RP11-1060J15.5	HMGB1P49
RP11-14K3.4	C2orf69P1
KB-1639H6.4	LINC01181
FAM134A	RETREG2
U47924.27	MIR200CHG
CTD-2007A10.1	LINC02330
RP11-93K22.13	LINC02014
RP11-331K15.1	LINC02070
RP11-344E13.3	CCDC144NL-AS1
RP11-94B19.1	LINC01893
RP11-449D8.1	LINC01915
ATP5D	ATP5F1D
C19orf26	CBARP
RP11-149P14.1	MTCYBP45
RP11-691L4.2	EEF1DP8
RP11-159H20.2	LYPLA2P3
NOL5BP	NOP56P1
RP11-365D23.2	UBE2V1P13
RP11-281J9.1	PPIAP50
GLTPD1	CPTP
CTC-448F2.3	PPIAP58
RP3-334F4.1	RPSAP44
RP13-444H2.1	LINC02333
AC005356.1	GLIS2-AS1
LINC00083	CLEC20A
RP1-102E24.9	SRP14P1
DEFB108P2	DEFB108C
C5orf28	TMEM267
WHSC1	NSD2
LDOC1L	RTL6
C9orf84	SHOC1
C20orf24	RAB5IF
RP11-54C4.1	RPLP1P6
RP11-624L12.1	RPL17P34
CTD-2296D1.2	LINC02123
WISP3	CCN6
C15orf38	ARPIN
RP11-636O21.1	LINC01901
TCEB1P29	ELOCP29
RP5-837O21.4	MTATP6P13
FAM127C	RTL8B
LUC7L2	FMC1-LUC7L2
RP11-509J21.1	RFX3-AS1
AC007461.2	LINC02097
AC107070.1	LINC01304
AP005019.3	ART2BP
LINC00483	ANKRD40CL
RNVU1-10	RNVU1-1
RP11-702B10.1	LINC02098
C11orf63	JHY
YAE1D1	YAE1
Z95114.6	MTCO3P20
RP5-821D11.7	SREBF2-AS1
CD8BP	CD8B2
SEPN1	SELENON
AL162415.2	FKBP4P6
RP11-142A22.4	LINC02266
RP5-945F2.1	MTCO1P57
MURC	CAVIN4
AF064858.7	LINC01700
GRAMD3	GRAMD2B
RP11-50E11.3	SGMS1-AS1
C2ORF15	C2orf15
SSX6	SSX6P
MAPK6PS4	MAPK6P4
RP13-487C10.1	NLRP2B
RP5-1158E12.3	LINC02595
AC091814.3	CLEC12A-AS1
C5orf54	ZBED8
PPAP2C	PLPP2
CTD-2281M20.1	LINC02208
AC093642.3	LINC01238
Y_RNA	RNY3P14
RP11-561N12.7	BNIP3P11
RP11-692M12.4	YPEL5P2
AC000110.1	PRELID3BP10
AC010127.3	SCN1A-AS1
RP11-678B3.2	HAUS6P3
RP11-224O19.2	TGFB2-AS1
AC079779.6	LINC01865
LPPR5	PLPPR5
DIEXF	UTP25
AC107399.2	LINC02262
RP5-886K2.3	ELOA-AS1
AC087393.1	LINC01563
RP11-139B1.1	LINC02459
AC092578.1	UBE2V1P14
AC073128.10	LINC01494
GS1-421I3.4	LINC01402
MIR548D1	MIR548AA1
RP11-565A3.2	LINC02492
ATP5G2P1	ATP5MC2P1
TCEB1P13	ELOCP13
AC011591.1	MIR548D2
RP11-145B3.2	BUD31P2
AL672296.1	DPY19L4P1
MST4	STK26
FAM205CP	FAM205C
SPACA6P	SPACA6
TUBA8P2	TUBAP4
RP11-275F13.1	TTC39A-AS1
RP11-520P18.5	LY6L
RP11-108K3.1	MIR4713HG
RP11-545M17.3	PPIAP4
SERPINA2P	SERPINA2
RP11-254B13.1	RPSAP12
LINC00936	ATP2B1-AS1
AC016626.1	WBP1LP11
RP11-360I20.2	MKX-AS1
RP11-475J5.11	MTND6P22
AC006227.1	LINC01789
MLK7-AS1	MAP3K20-AS1
RP11-413E6.1	RPL23AP49
RP11-251P6.1	LINC01676
RRP7B	RRP7BP
RP11-809M12.1	TMEM26-AS1
RP11-39K24.9	PDSS1P1
RP11-1057B8.1	RPL23AP56
CTD-2316B1.1	LINC02488
KRT124P	KRT90P
RP11-175K6.1	LINC02202
RP11-312P12.3	NDUFA8P1
SNORA80	SNORA80A
RP11-233E12.4	MTATP6P14
PRKRIR	THAP12
RP1-124C6.1	LINC02518
RP1-159G19.1	LINC01621
TOP1P1	SRP14P4
CTC-297N7.11	MYHAS
RP11-157B13.9	BNIP3P31
LACE1	AFG1L
RAD23BLP	RAD23BP3
C19orf70	MICOS13
RP11-1H8.3	FSCN1P1
ATP5G2	ATP5MC2
CTC-349C3.2	C5orf66-AS2
OR10AC1P	OR10AC1
HRSP12	RIDA
RP11-925D8.2	MTND3P12
GPR116	ADGRF5
AC013449.1	TRMT112P6
RP11-61G23.1	LINC01339
RP11-129H15.3	RPL23AP48
RP11-304C16.2	TYMSP1
C14orf37	ARMH4
CTB-27N1.1	LINC01187
RP11-259F16.3	RPS12P17
KIAA0020	PUM3
TAF9	AK6
C10orf11	LRMDA
AP001065.7	MTCYBP21
AC010095.7	RPL10P5
PVRL1	NECTIN1
RP11-653G8.2	LINC01477
RP11-254I22.1	MIR583HG
RP11-159C21.4	RPS13P2
AC002069.5	KPNA2P2
CTD-2267D19.4	PPIAP54
RP11-445N18.3	RPS19P7
RP4-758J18.10	LINC01770
AP000343.2	LINC02556
RP11-105N13.4	LINC02210-CRHR1
SF3B14	SF3B6
TCEB1P32	ELOCP32
RP11-666G4.1	MTCO1P25
RP1-20N2.6	VDAC1P8
FRG1B	FRG1BP
RP5-894D12.3	LINC01624
EIF2B5-IT1	LINC01839
RP1-249H1.4	LINC01268
KIAA1598	SHTN1
RP11-117L6.1	RPSAP71
RP11-343B22.2	NACAP10
AC004053.1	CXXC4-AS1
RP11-272K23.4	AKIRIN1P1
BZRAP1	TSPOAP1
RP11-436H16.1	LRRC6P1
CTC-463N11.1	DDX18P4
RP11-1217F2.10	MTCO3P4
C19orf68	ZSWIM9
NBPF23	NBPF17P
RP11-767I20.1	LINC02388
AC006335.6	TTTY23B
RP11-778H2.1	SOX5-AS1
C3orf27	LINC01565
PTCHD3P1	SVIL-AS1
RP11-108K14.4	SCART1
AC090804.1	PPIAP40
AC112229.4	GPAA1P2
AC006023.8	THUMPD3P1
UGT1A8	UGT1A1
RP11-71H9.2	LINC01323
CCDC132	VPS50
MRP63P6	MRPL57P6
RP11-474J18.1	MTCO1P24
Z95114.4	MTCO1P20
CTC-523E23.8	ZNF30-AS1
RP11-420K10.1	RPAP2P1
AC104777.4	LINC02612
CTB-36O1.3	MTND3P25
RP11-669N7.2	TMEM132D-AS1
RP1-293L8.2	LINC02523
TMEM66	SARAF
PCNXL4	PCNX4
RP11-626A1.1	GEMIN2P2
RP1-203C2.3	BTG3P1
CTD-2521M24.5	CCDC194
PPP1R2P9	PPP1R2C
RP1-290I10.5	LINC02522
RP11-343J3.7	MTATP6P23
CTC-367J11.1	NDST1-AS1
CTD-2292M14.1	LINC02122
RP11-321E2.3	LINC02217
C7orf72	SPATA48
IGHVII-31-1	IGHVII-28-1
KIAA1024L	MINAR2
RP11-483H11.1	CUL1P1
CTD-3032H12.3	MTND5P34
SVILP1	SVIL2P
U91328.2	HIST1H2APS5
AC004980.11	SPDYE16
AC009234.2	MIR8485
RP11-465N4.2	RPL10P4
RP11-555J4.2	SNRPCP1
CTD-2201E9.1	SEMA5A-AS1
CCND2-AS2	CCND2-AS1
RP5-837O21.3	MTCO2P21
AC105921.5	MTCO1P46
DAK	TKFC
CSRP2BP	KAT14
CTD-3179P9.2	LINC02148
C8orf12	FAM167A-AS1
AC139452.2	RPL23AP43
ATP5G1	ATP5MC1
RP11-180M15.5	RPL21P136
RP11-419M24.6	SEPT14P24
LINC00704	MANCR
CTD-2588J6.1	MTCYBP28
ATP5C1	ATP5F1C
RP11-397D12.4	LINC01627
CTD-2201E18.2	PRELID3BP6
XXbac-BPG27H4.8	LINC02570
AP000345.1	FAM230I
RP11-392M9.2	NDUFB5P2
RP11-983C2.2	LINC02372
RP11-666G4.2	MTCO2P25
BMPR1APS1	BMPR1AP1
RP11-84A1.3	ADGRL3-AS1
SUV420H2	KMT5C
ATP5LP3	ATP5MGP3
RP11-903H12.4	EDDM3DP
RP5-1163L11.3	GTF3AP2
ATP5F1P5	ATP5PBP5
AF146191.4	FRG1-DT
CTD-2078B5.2	LINC02104
RP11-63B19.1	LINC01741
RP11-477G9.1	FAM71BP1
KIAA1551	RESF1
RP11-712B9.4	BUD13P1
RP11-79L9.2	PPIAP72
RP11-641C17.2	PPIAP70
C14orf1	ERG28
RP11-214C8.2	PRR29-AS1
AC012317.1	LINC01567
RP11-479O9.2	GTF2IP5
C14orf2	ATP5MPL
AC068831.10	VPS33B-DT
RP11-56H2.2	LINC01496
AC008132.12	E2F6P1
CTC-458G6.2	LINC02058
GS1-421I3.2	RHOXF1P1
AC003665.1	SP2-AS1
RP4-612J11.1	ERICH3-AS1
FKBP9L	FKBP9P1
RP11-63A1.2	LINC01974
RP11-143N13.1	ACSM5P1
VIMP1	VIM2P
RP11-112H10.6	SETP3
RP11-834C11.4	LINC02381
RP11-796G6.2	LINC00239
RP11-61O1.2	LINC02295
RP11-473M20.14	ZNF213-AS1
RP11-622J9.1	HMGN1P31
CTD-2231E14.4	LINC01855
RP11-535A19.2	UVRAG-DT
RP11-546B8.5	RPL10P8
RP11-473N11.2	SUPT16HP1
ATP1A1OS	ATP1A1-AS1
MIR133BHG	LINCMD1
RP11-359J14.3	LRRC34P1
RP11-331O9.1	MTCO2P31
RGAG1	RTL9
RP11-520B13.4	GAS2L1P2
FAM154A	SAXO1
C15orf43	TERB2
RP5-1073O3.7	HIPK1-AS1
PET112	GATB
AP003419.16	RPS6KB2-AS1
AC007966.1	FSIP2-AS2
CTA-929C8.6	LINC02554
RP11-1096D5.1	LINC01544
C10orf107	CABCOCO1
SQRDL	SQOR
CTD-3098H1.2	LINC01595
AC125421.1	LINC02092
RP11-449H11.1	LCMT1-AS1
C10orf10	DEPP1
RP11-744J10.3	LINC01603
RP11-58A17.4	LINC02403
C1orf65	CCDC185
ABC12-47043100G14.2	DEFB131D
WIBG	PYM1
KIAA1468	RELCH
RP11-76I14.1	LINC01965
RP11-239L20.3	POM121L6P
RP11-150O12.1	LINC01605
RP11-611D20.2	NALT1
AC096669.2	LINC01885
KIAA1009	CEP162
DDR1-AS1	DDR1-DT
RP11-454P21.1	LINC02223
RP11-466G12.3	NCOA4P2
RP11-236J17.5	TUB-AS1
RP11-472K22.2	LINC02472
RP11-717H13.1	LINC02504
Metazoa_SRP	RN7SL827P
RP11-231K24.2	BARX1-DT
FAM26F	CALHM6
C6orf211	ARMT1
MIR4435-1HG	MIR4435-2HG
RP13-40J16.1	BRDTP1
AC007879.6	LINC01802
AC007386.4	LINC02576
C12orf61	LINC01465
RP11-122G11.1	DDX43P2
RP4-758J18.2	MRPL20-AS1
C17orf89	NDUFAF8
RP4-788P17.1	LINC02238
RP11-490O24.2	LINC02629
ATP5B	ATP5F1B
AC007282.6	MTATP6P16
AC087380.14	OLFM5P
RP11-883G14.1	LINC02128
RP11-19D2.2	LINC01751
AC034228.7	MEIKIN
ATP5LP6	ATP5MGP6
AC107057.2	LINC01248
RP11-340I6.6	GABPAP
C15orf26	CFAP161
C2orf44	WDCP
RP11-475N22.4	GATA2-AS1
MIR1270-1	MIR1270
FAM159A	SHISAL2A
RP11-774D14.1	LINC02241
TCEB1P21	ELOCP21
RP11-64J19.1	EIF1P5
AC007250.4	LINC01795
AC006465.4	CCNB2P1
RP11-262H14.7	ADGRF5P1
RP11-162A23.5	RPS26P39
SHFM1	SEM1
RP11-562M8.4	BOLA3P4
PRR24	INAFM1
RP11-85K15.2	SRP54-AS1
RP1-245M18.2	MTCO2P33
RP11-771K4.1	LINC02387
PRMT10	PRMT9
NME1-NME2	NME2
AC013717.3	RPL12P19
RP11-324L3.1	LINC01514
AC079776.3	LINC01856
RP11-523L20.2	LINC02133
CCDC53	WASHC3
SEPW1	SELENOW
AC006133.3	RPS29P27
LINC00264	FAM238A
RP11-736I10.1	OOSP4B
CTD-2026C7.1	ACTG1P22
RP11-535I24.2	RPS6P4
RP11-66N24.4	ZFHX2-AS1
RP5-1189K21.2	MTND2P39
KB-1047C11.2	C8orf37-AS1
RP11-622K12.1	NBDY
RP11-219G17.4	LINC01993
PTPLB	HACD2
RP11-297H3.3	LINC01681
RP11-450I1.2	PRAMEF29P
AC016906.1	EDDM3CP
DDX3YP2	DDX3P2
RP11-661D19.1	RPL23AP11
RP11-809F4.2	ACTG1P23
RP11-210H10__A.1	SELENOKP3
RP11-677O4.3	SLC35G4
CTB-55B8.1	RPS26P28
RP11-109E10.2	PHBP17
RP11-655M14.6	OR7E145P
FAM47E-STBD1	STBD1
RP4-706L14.2	ACTG1P21
C6orf25	MPIG6B
KIAA1033	WASHC4
RP11-244B22.3	FRG2JP
RP11-24P14.1	LINC01677
RP5-1069C8.2	LINC01722
HDHD1P3	PUDPP3
RP11-297L6.1	CLUHP8
ATP5A1	ATP5F1A
AC016732.2	CDK7P1
RP4-682C21.2	DLSTP1
RP11-594C13.1	LINC02296
FAM60A	SINHCAF
RP11-565N2.1	LINC01735
EIF2S3L	EIF2S3B
AC093381.2	LINC01878
RP3-399L15.3	HDAC2-AS2
KIAA1407	CCDC191
HN1	JPT1
CTD-2357A8.3	SCAT1
RP11-351K23.3	MTCYBP31
RP11-553E24.2	LINC01584
AC091962.3	LINC01861
RP11-218D6.3	MRPS21P5
CTC-459I6.1	RASGRF2-AS1
RP4-736H5.1	MTATP6P21
RP11-307C19.3	LINGO1-AS1
CTD-2147F2.2	LINC02254
AC006159.3	LINC01510
RP11-173M11.2	RPSAP70
RP11-725K16.2	BOLA3P1
RP11-39K24.2	CSNK1G2P1
CTB-1144G6.5	AURKAP2
RP11-526K21.2	RPL35AP24
TCEB1P3	ELOCP3
RP11-522L3.3	MTCO1P19
RP11-7F17.5	LINC02288
CTD-2210P15.2	AMD1P3
SLMO1	PRELID3A
FAM194B	ERICH6B
RP11-159L8.2	CTHRC1P1
LINC00422	LINC00539
ATP5J2LP	ATP5MFP1
RP11-105C20.2	APOOP5
DEFB108P3	DEFB108D
DSCR3	VPS26C
AC073321.3	LINC01280
FAM103A2P	RAMACL
LINC00202-2	FAM238B
RP6-99M1.2	MIR222HG
AL450992.6	NBPF18P
RP11-272L13.3	LINC01930
TEDDM1P1	TEDDM2P
ZFYVE20	RBSN
U82695.5	PNMA6E
RP1-93I3.1	PLS3-AS1
AC009014.3	SMIM32
CTD-2135D7.4	LINC02186
RP11-168E14.1	BMPR1B-DT
RP11-222A5.1	LINC01657
CTC-419K13.1	LINC01331
RP11-752G15.3	CPEB1-AS1
RP11-14C10.1	SNRPCP18
RP11-410B16.1	DUX4L52
RP11-118A3.1	LINC02461
RP11-299H22.5	GOLGA2P11
RP11-98C8.1	MTND4LP25
AC064834.3	LINC01827
LINC00338	SNHG20
CTA-941F9.9	LINC01589
C1orf95	STUM
IBA57-AS1	IBA57-DT
RP11-435I10.3	CDC37P2
RP11-351J23.1	LINC02487
RP11-296A18.3	LINC01562
RP11-761E20.1	DANT2
RP13-991F5.2	NARF-AS1
CXorf28	LINC01546
RP11-405L18.2	KCTD9P3
CTC-493L21.1	LINC02059
RP11-886D15.1	LINC02552
AC006116.20	EDDM13
RP11-692N5.1	PPP4R1-AS1
RP11-322L17.1	YWHAZP1
RP11-3J10.4	TMX2P1
RP5-1091N2.3	NUTF2P7
RP11-175B12.2	DLEU1-AS1
RP11-242J7.1	LINC02365
RP11-295P9.2	RPL6P24
RP11-450K4.1	CLIP1-AS1
C9orf114	SPOUT1
AC092933.3	RPS29P3
AC006070.12	KRTAP4-17P
CTB-175P5.1	BNIP3P8
RP1-240B8.3	KHDRBS2-OT
AC008173.1	PPIAP63
RP11-576I22.2	GORAB-AS1
C20orf201	LKAAEAR1
RP11-483H20.6	PRRX2-AS1
CTB-43E15.1	LINC01863
AMDP1	AMD1P2
RP11-16F15.1	RPL23AP65
RP5-839B4.8	PARAL1
RP4-741O10.1	RPL12P50
RP4-717I23.3	CCDC18-AS1
TCEB1P30	ELOCP30
UBE2L5P	UBE2L5
C1orf204	SNHG28
AC026214.2	CRB3P1
C21orf37	LINC01549
RP11-69A21.2	FAM236D
ATPIF1	ATP5IF1
TCEB1P17	ELOCP17
RP4-704D23.1	KAZN-AS1
RP11-383B24.3	FAM32CP
RP11-353N14.2	LINC01977
RP11-53I6.5	CLUHP6
RP11-104G3.5	RAB28P1
ACRC	GCNA
RP11-1396O13.14	DEFB108F
CTD-2118P12.1	LINC02109
RP11-673C5.1	HMGB1P6
RP11-118B18.1	LINC01482
RP11-973H7.4	LINC01882
RP11-164C12.1	SEPHS1P2
CTD-2643K12.2	LINC01580
RP11-404P21.9	CKS1BP1
RP11-462L8.2	RPL7AP53
RP11-424D14.1	LINC01707
RP11-540K16.1	LINC01732
GLRXP	GLRXP1
RP11-260O18.1	LINC02008
ATP5I	ATP5ME
MFSD7	SLC49A3
TCEB2P3	ELOBP3
AC104389.28	OR51B5
C1orf228	ARMH1
CTD-2607J13.1	BNIP3P27
RP11-420K14.2	MTDHP3
RP11-173D9.1	RPL23AP70
RP11-622L21.1	LARP7P4
FAM196B	INSYN2B
SSX8	SSX8P
RP4-617C6.1	LINC01761
OR52A4	OR52A4P
RP11-867G23.9	BRD9P1
FAM64A	PIMREG
RP11-413E6.7	DUX4L26
RP11-641A6.2	KRT73-AS1
C9orf169	CYSRT1
RP1-279N11.1	TRAPPC13P1
C3orf55	PQLC2L
RP11-221E20.4	MARK3P3
AC008834.1	LINC01846
RP11-730N24.1	LINC02239
RP11-157N3.1	LINC01307
KIAA0195	TMEM94
AC007386.2	LINC02245
XX-2136C48.8	DUX4L29
RP11-403P13.1	RPSAP48
CTD-2218G20.2	LINC02120
U6	RNU6-84P
ATP5F1	ATP5PB
RP11-47K11.2	WDR82P2
C12orf36	LINC01559
C1orf180	LINC01555
C20orf166-AS1	MIR1-1HG-AS1
C20orf166	MIR1-1HG
MANEA-AS1	MANEA-DT
C10orf2	TWNK
ATP5C1P1	ATP5F1CP1
CTA-407F11.6	YES1P1
LINC00961	SPAAR
RP5-1010E17.2	LINC01441
RP13-198D9.3	YWHABP1
UBE2Q2P6	RPL9P9
SAR1P3	SAR1AP3
AC068535.5	RPL23AP27
RP11-298O21.5	LRRC77P
RP11-109M19.5	MTND6P33
RP11-925D8.5	MTND5P32
RP11-736N17.4	NDUFB4P11
PRKRIRP8	THAP12P8
FAM175B	ABRAXAS2
RP11-585K14.2	MTCYBP12
RP11-474D14.2	RPS3AP38
C16orf52	MOSMO
AC007381.2	MIR4432HG
RP11-645C24.2	SMG1P4
RP11-20G13.3	LINC02244
RP11-349A22.5	PSMA3-AS1
FRDAP	FXNP1
RP11-818F20.4	LINC02385
FAM205B	FAM205BP
RP11-664H7.2	MTND6P25
RP11-735B13.2	LINC02025
RP13-977J11.2	LINC02361
RP11-756H20.1	LINC02240
RP11-539L10.2	LINC002481
CGB	CGB3
AC004112.7	MTCYBP24
C10orf54	VSIR
AC068610.5	LINC01392
AC097639.8	RPSAP11
RP11-312B8.1	CAMTA1-DT
RP11-595B24.1	LINC01900
C1orf200	PIK3CD-AS1
CTC-575C13.2	BNIP3P19
FAM188A	MINDY3
RP11-475J5.9	MTND4LP5
RP11-846F4.5	MTND2P13
FAM183CP	LINC02209
AL353997.3	KRT17P5
RP11-109M17.1	AKAP8P1
AC098592.8	BRWD1P3
RP11-773H22.1	STK25P1
RP11-425I13.1	RPL14P3
AC008265.2	IMPDH1P3
SCAND3	ZBED9
RP11-501J20.3	RPL12P26
hsa-mir-7515	MIR7515HG
RP13-221M14.4	PRAMEF35P
RP11-7D5.2	RPS3AP36
RP11-138H14.1	EIF4EP5
AC004016.2	SNRPCP19
RP11-417J1.3	MTCYBP37
RP3-324O17.4	MCTS2P
C5orf48	TEX43
RP11-133O22.6	UBE2R2-AS1
RP11-434D2.2	LINC01984
RP11-638L3.3	LINC01903
AC130710.1	GACAT3
AL022344.2	VN1R54P
AC124997.1	LINC02250
RP11-152L7.2	LINC01653
LOC732538	FBXO36P1
RP11-137J7.2	NMBR-AS1
AC002365.1	CLDN34
MFI2-AS1	MELTF-AS1
AC016912.3	LINC01820
RP3-340N1.6	LINC01757
RP1-152L7.3	GSTA8P
AC002472.13	LRRC74B
C14orf166	RTRAF
RP11-316M20.1	LINC01987
C4orf27	HPF1
AC114788.2	LINC01940
HDGFRP3	HDGFL3
RP11-928F19.2	ZNF519P3
RP6-29D12.4	RPSAP62
RP6-74O6.2	PDZK1P1
RP11-1078H9.1	LINC02317
RP11-15E18.2	RPSAP66
AC004125.3	LINC2194
RP11-44F21.5	LINC02562
RP11-243A14.1	LINC02177
C1orf227	SPATA45
C11orf35	LMNTD2
AC006499.8	RAF1P1
RP11-91J3.2	LINC02514
C14orf64	LINC01550
KB-1732A1.1	GASAL1
ADORA3	TMIGD3
NHP2L1	SNU13
SNAP23P	SNAP23P1
RP11-33A14.3	PPIAP75
NAT6	NAA80
C16orf11	PRR35
RP11-159H20.1	DNAJB5P1
CXorf23	BCLAF3
C19orf55	PROSER3
RP11-393J16.4	ZNF25-DT
Metazoa_SRP	RN7SL726P
NGFRAP1	BEX3
RP11-23B5.1	POLR3GP2
RP11-368J21.3	OTOAP1
7SK	LINC02198
CTC-467M3.1	MEF2C-AS2
RP11-45P22.2	PPIAP38
GPR113	ADGRF3
C2orf62	CATIP
AC073055.2	DPY19L4P2
CTD-2571L23.6	NOP53-AS1
RP11-157E14.1	LINC01723
RP4-694A7.4	DEPDC1-AS1
MIR1-2	MIR133A1HG
RP11-523L20.1	LINC02134
RP5-1007G16.1	CSMD2-AS1
BCMO1	BCO1
LINC00675	TMEM238L
XX-C2158C6.2	RPL23AP47
VWA9	INTS14
RP11-674N23.1	GACAT2
RP11-532E4.2	MUC5B-AS1
C15orf59	INSYN1
AC015922.5	SPECC1P1
POTEG	POTEM
AC023672.1	ACTP1
Z83851.1	LINC01315
RP11-358M11.4	NDUFB10P1
RP11-345M22.1	LINC01229
RP11-211N8.5	RAB28P2
RP5-988G17.1	LINC01706
AC138031.1	RPL23AP45
RP11-1281K21.6	MTCO3P39
hsa-mir-4536-2	MIR4536-2
SLC22A20	SLC22A20P
AC068490.2	LINC01830
RP11-145H9.3	LINC02521
RP11-395L14.5	PGM5P4
AC004014.4	BUB3P1
RP5-916O11.1	RPL12P31
RP11-82C23.2	LHX5-AS1
RP11-139H15.1	PIGBOS1
AC074138.3	LINC01534
RP11-192N10.2	CKS1BP2
AC091814.2	LINC02470
KIAA0922	TMEM131L
DEFB109P1B	DEFB109B
IMPA1P	IMPA1P1
RP11-381N20.1	LINC02435
APITD1	CENPS
CTD-3105H18.5	RPS29P23
RP11-418J17.1	WARS2-AS1
RP11-413G15.1	LINC01712
AC016995.3	LINC02613
RP11-399N22.3	RPS26P40
RP11-461H3.2	RPSAP40
U6	RNU6-92P
RP11-790J24.2	TRMT10BP1
RP11-460C6.1	ME2P1
RP11-673P17.4	LINC02129
USP17L1P	USP17L1
CTD-2333M24.1	LINC02146
RP11-1079K10.5	LINC02075
AC010987.6	LINC01812
CPSF3L	INTS11
RP11-774O3.2	LINC02517
AC104801.1	DLX2-DT
AC005235.1	LINC01923
MAGOH2	MAGOH2P
RP11-39K24.4	MTCO1P11
LINC01057	SLC44A3-AS1
RP11-265P11.2	LINC01281
LRRC48	DRC3
CTC-523E23.6	LINC01838
AP000226.9	LLPHP2
RP11-353N14.4	LINC01978
C9orf173	STPG3
RP11-307L3.2	SELENOTP1
RP11-308K2.1	LINC02374
RP11-324D17.1	LINC02169
RP11-597K23.2	LINC01583
RP3-513G18.2	LINC02171
RP11-52L11.4	MTCO1P35
RP11-341G5.1	LINC01182
CTD-3224K15.2	CXXC5-AS1
AC023115.2	LINC01828
LPPR1	PLPPR1
AC007131.1	LINC01793
RP11-504P24.8	GTF2IP20
RP11-527H14.3	LINC01444
ATP5E	ATP5F1E
AC097713.4	LINC01891
AL773604.8	LINC01424
RP11-32F11.2	LINC01231
RP11-438L7.3	HADHAP2
TCEB2P2	ELOBP2
RP11-463O9.5	FOXC2-AS1
ZNF259	ZPR1
RP11-81H14.2	LINC02384
CTD-2003D5.1	CAB39P1
LINC00948	MRLN
RP11-426M1.2	RPL23AP89
SSX9	SSX9P
RP3-510D11.1	MIR34AHG
USMG5	ATP5MD
FAM58BP	CCNQP1
RP5-1070A16.1	LINC01776
ATP5G3	ATP5MC3
FAM69A	DIPK1A
C1orf27	ODR4
RP11-543A18.1	LINC02040
AC079354.3	KIAA2012-AS1
RP11-1094H24.4	PICART1
RP11-571O6.1	LINC02131
AC022311.1	LINC01249
CXorf57	RADX
RP11-619F23.2	KCNMA1-AS3
CT49	LINC01194
CTD-2037L6.2	LINC02101
GMCL1P1	GMCL2
RP11-77P16.4	LINC02021
PRKRIRP1	THAP12P1
CTC-820M8.1	NCAPGP1
RP11-396K3.1	GTF2IP4
CTD-2561J22.6	BNIP3P26
RP11-678B3.3	RAC1P9
AC096570.1	LINC01884
RP11-531P14.1	NUTF2P8
RP11-470L19.2	CYMP-AS1
PPP1R2P3	PPP1R2B
RP11-328M4.2	FOXP4-AS1
CTC-254B4.1	LINC01950
FAM65B	RIPOR2
RP11-447B18.1	LINC02221
RP11-576E20.1	LINC02493
RP11-169K16.6	RPL12P14
CTD-2291D10.2	LINC01859
RP11-296I10.6	SMG1P7
C7orf55-LUC7L2	LUC7L2
RP11-65D24.1	LINC02337
PVRL4	NECTIN4
AC005624.2	LINC01775
RP11-331O9.6	MTND4LP20
TCEB1P6	ELOCP6
AL132709.5	MEG8
RP11-124O11.2	LINC01264
RP3-380B4.1	LINC01758
RP11-466P24.4	PDCD5P2
RP1-84O15.1	RPL10AP3
RP11-17L5.4	ANKRD34C-AS1
RP11-209E8.1	LINC02490
CTD-2611K5.5	GOLGA8VP
CTD-2555C10.3	LINC02323
ABC7-42389800N19.1	WASH8P
RP11-480D4.1	LINC02226
FAM212A	INKA1
RP11-236P13.1	LINC01365
GPR144	ADGRD2
RP11-750I4.2	GLRXP2
RP4-755D9.1	RHOXF1-AS1
RP11-713N11.3	CENPUP2
C2orf53	PRR30
DEFB131	DEFB131A
Y_RNA	RNY3P12
AC103828.1	PTPRJ-AS1
GS1-204I12.1	LINC01350
RP11-255G21.1	LINC01209
RP13-483F6.1	SERPINA7P1
RP11-266L9.2	LCMT1-AS2
ADCK4	COQ8B
MAPK6PS3	MAPK6P3
AC073069.2	PPIAP67
AC010729.3	LINC01810
RP11-181F12.1	LINC01519
RP11-58O9.1	RPL23AP75
PPAPDC2	PLPP6
AC007040.7	ATP6V1B1-AS1
TCEB1P22	ELOCP22
CTD-2589M5.4	LINC02489
CTD-2509G16.2	LINC02324
RP13-16H11.2	SELENOOLP
RP11-378J18.3	TAF1A-AS1
RP11-502M1.2	LINC02477
CTC-429C10.2	ZNF649-AS1
AC005042.4	PKP4-AS1
CTD-2325A15.3	PPIAP77
CTC-548K16.1	LINC01842
RP11-1149O23.2	TNFRSF10A-AS1
CTD-2081K17.2	LINC01532
RP11-90C4.2	LINC01753
AC027763.2	ALOX12-AS1
BX649563.4	ADGRF5P2
RP11-475I24.1	FGF7P5
RP11-789C1.2	LINC02512
RP11-424I3.1	DIMT1P1
RP11-753N8.1	LINC02392
ATP5JP1	ATP5PFP1
RP11-219C24.6	PRAMEF33
AC073869.13	MTCYBP10
Z95704.4	BNIP3P41
RP11-74M11.2	LINC02360
AC090505.4	LINC01972
ATP5F1P3	ATP5PBP3
AC003102.3	RUNDC3A-AS1
RP5-1010E17.1	LINC01440
C19orf83	EML2-AS1
RP11-186O14.7	NAPGP1
RP11-171A24.3	RORB-AS1
AC009878.2	LINC02248
CTD-2589O24.1	TOMM20P1
AC009960.7	MTND3P17
RP11-209A2.1	RPL10P2
RP11-461L13.2	FBXW7-AS1
RP11-80F22.11	C2orf69P3
RP11-162A12.2	ZNF236-DT
AC004041.2	TH2LCRR
AP003039.3	NTM-AS1
RP11-75L1.1	LINC02390
RP11-78H24.1	LINC02020
ADCK3	COQ8A
AC113607.2	LINC01939
STRA13	CENPX
RP11-152O14.1	LINC02180
RP11-532N4.2	TRDN-AS1
RP11-46A10.4	KIAA1614-AS1
RP11-752L20.1	PRMT5P1
RP11-610P16.1	FAM160A1-DT
RP11-756P10.5	LINC02508
CTD-2341M24.1	LINC02328
RP11-454C18.1	LINC02066
MIR3150A	MIR3150BHG
RP13-104F24.1	KPNA2P3
FAM105B	OTULIN
MYCNUN	MYCNUT
CTD-2037K23.2	SCAMP1-AS1
RP11-776A13.3	LINC02386
RP11-295G12.1	LINC02445
CTB-46B19.1	RPL12P21
EIF3J-AS1	EIF3J-DT
LHFP	LHFPL6
RP11-593P24.2	MTCYBP19
CTB-25J19.1	MBD3L2B
GUCY1A3	GUCY1A1
RP11-481H12.1	PPIAP39
RP11-434E6.2	LINC02140
RP11-320M2.1	ODC1-DT
RP11-77I22.4	PPIAP44
FLJ27365	MIRLET7BHG
C20orf112	NOL4L
RP11-277P12.9	LINC02598
RP11-76C10.5	ADGRD1-AS1
AC068137.8	MTCO3P7
OR13C7P	OR13C7
C13orf45	LMO7DN
AC009960.5	MTCO3P17
C8orf47	ERICH5
MTERFD3	MTERF2
RP4-610C12.4	LINC01597
RP11-184E9.1	LINC02211
C2orf47	MAIP1
RP11-304L19.5	SNHG19
CTD-2301A4.5	PRMT1P1
RP4-666F24.3	LINC01765
AP001422.3	LINC01423
SETD5-AS1	THUMPD3-AS1
C8orf56	BAALC-AS2
AC008394.1	LINC01949
RP11-572C15.5	LINC02042
RP3-481F12.1	RPL39P39
RP11-707O23.5	MAPK8IP1P2
RP11-166O4.1	SPDYE21P
RP11-343J3.6	MTCO2P23
RP11-293G6__B.4	MTND4LP21
RP11-452C8.1	LINC02469
RP11-50E11.2	SHQ1P1
RP11-90C4.3	LINC01755
RP11-290F20.2	LINC01271
RP4-635G19.1	RPSAP59
RP11-114H23.3	RPL10P13
TCEB1P26	ELOCP26
AC005932.1	HOMER3-AS1
RP11-74E22.4	CCDC92B
RP11-305E17.6	RTCA-AS1
C5orf20	DCANP1
RP11-542G1.3	LINC02483
RP5-1027O15.1	LINC02546
RP11-63H19.2	MTCYBP16
JHDM1D-AS1	KDM7A-DT
AC104655.3	LINC01918
MIR549	MIR549A
RP11-299L17.3	LINC02308
C11orf48	LBHD1
RP11-789C1.1	LINC01612
AC134873.1	SEPT14P2
RP11-552D8.1	LPGAT1-AS1
RP3-388N13.2	MYL12AP1
AC079753.5	CDK8P2
BECN1P1	BECN2
RP4-773N10.6	LINC01397
AC006156.1	FAM197Y5
RP4-651E10.3	CDCA4P2
AP001626.1	LINC01671
RP11-966I7.1	FOXG1-AS1
RP1-257A15.1	PACRG-AS2
CXorf22	CFAP47
AC009960.3	MTCO1P54
RP11-160N1.9	FAM242D
ITPR1-AS1	ITPR1-DT
FAM101B	RFLNB
RP13-582O9.5	MINCR
RP11-70F11.8	LINC02395
Y_RNA	RNY3P16
DOPEY1	DOP1A
hsa-mir-6723	MTCO1P12
RP11-385J1.2	KCNMB2-AS1
TMEM194A	NEMP1
RP11-114O13.1	RPL12P5
RP11-145M4.3	LINC01358
PDDC1	GATD1
C18orf8	RMC1
RP11-757G14.1	RPL23AP66
AC005029.1	LINC01450
RP11-475J5.8	MTCO3P22
RP11-407N17.6	YTHDF2P1
ATP5F1P1	ATP5PBP1
RP11-169K16.4	SLC25A34-AS1
RP11-68I3.2	ABHD15-AS1
KIAA0141	DELE1
RP11-19P22.5	NOS2P1
RP11-527H14.6	LINC01906
RP11-309L24.9	ATP6V1FNB
RP11-442P12.1	HPRT1P1
AC079753.4	XIAPP3
TCEB1	ELOC
U6	RNU6-94P
7SK	RN7SKP4
RP11-104O19.2	MFSD1P1
RP11-2E17.1	CTXND1
RP11-222A11.1	LINC01515
RP1-65P5.1	THEM7P
RP11-380M21.2	MTCO2P2
RP11-69E11.8	PABPC4-AS1
RP11-52L11.6	MTATP6P22
RP11-1217F2.3	MTCO3P10
CTC-295J13.3	MARCOL
RP11-218F4.1	LINC01992
AC016697.2	MYL6BP1
RP11-95M5.1	LINC02011
RP11-157D23.1	LINC01282
RP4-545K15.3	ARMCX7P
C19orf52	TIMM29
RP11-302F12.7	MTND4LP22
RP11-411H5.1	LINC01709
RP11-87N24.2	PTPRD-AS2
RP11-139K4.4	EIF4EP3
RP11-654D12.3	LINC02399
RP11-542P2.1	MGAT4D
RP11-111F5.5	FGF7P6
XGPY	XGY1
ATP5G1P4	ATP5MC1P4
AC020947.2	GAPDHP76
DDX3YP1	DDX3P1
METTL13	EEF1AKNMT
TCEB1P4	ELOCP4
AC004112.5	MTND6P24
C7orf60	BMT2
RP11-617I14.1	LINC02497
RP11-349K16.1	LINC02441
LINC00521	CCDC197
AP003068.18	PGAM1P8
CCDC79	TERB1
LINC00094	BRD3OS
RP11-222K16.2	LINC02084
RP11-256K7.1	RPL9P21
RP11-14O19.1	LINC01650
RP11-75N6.3	LINC02336
RP11-420G6.4	SERPINB9P1
RP11-340A13.1	LINC02619
RP11-1018N14.1	LINC02071
RP11-475J5.10	MTND3P19
RP11-132J14.3	ABI1P1
RP11-67L3.4	DHCR24-DT
CTB-113P19.1	CLMAT3
RP11-149A7.1	AARSP1
RP11-399J13.3	ARL2-SNX15
RP11-460N11.3	BNIP3P4
RP11-255J3.2	GPS2P1
RP11-66A2.2	LINC01744
RP11-233E12.2	MTCO1P14
RP11-133K1.2	BUB1B-PAK6
RP11-598D12.3	BCAP31P1
CTD-2377D24.6	LINC02086
RP11-408H20.2	DSCAS
SCARNA17	SNHG22
RP11-1094M14.11	LINC02001
RP11-397A16.2	LINC01415
AC026904.1	LINC02599
RP11-362F19.1	LINC02432
RP11-195E2.1	OCLNP1
RP11-392A23.5	GSTA10P
RP5-915N17.3	RPL23AP15
C11orf84	SPINDOC
RP11-390B4.5	STAM-AS1
XXbac-BPG34I8.3	CD83P1
RP11-478K7.2	LINC01375
KIAA0226L	RUBCNL
C7orf63	CFAP69
APCDD1L-AS1	APCDD1L-DT
RP11-753C18.8	RPL22P17
LOH12CR1	BORCS5
FAM69B	DIPK1B
CCDC129	ITPRID1
TAS2R15	TAS2R15P
RP11-64C12.9	PPIAP56
AC104634.2	RPL23AP26
RP4-764O22.2	LINC01428
GPR98	ADGRV1
SNORA45	SNORA3B
RP11-37O16.6	MTATP6P15
RP11-98J9.3	LINC02545
CRAMP1L	CRAMP1
RP11-350G8.7	PSMD8P1
AC073218.2	LINC01320
RP11-127L20.3	ITPRIP-AS1
RP11-332E19.1	RPS26P48
RP11-730A19.7	RPL36AP36
AC008155.1	PTMAP10
RP5-1154E9.7	MTCO1P55
RP11-15H20.3	BNIP3P38
RP11-169K16.7	UQCRHL
RP11-513O17.2	LINC01606
CTA-253N17.1	RPL22P24
RP11-325I22.1	MTCO2P32
KALP	ANOS2P
CTD-2007H13.3	LINC02062
RP1-137K24.1	LINC02149
CTD-2104P17.1	SLC47A1P2
RP4-700A9.1	RPS29P7
RP11-416A17.6	PHBP19
KIAA1875	WDR97
RP11-95H3.1	LINC02126
RP11-83C7.1	LINC02513
RP11-274H2.3	LNCSRLR
LEPREL4	P3H4
RP5-914P20.5	ADNP-AS1
RSBN1L-AS1	APTR
RQCD1	CNOT9
RP11-1236K1.11	DEFB131C
RP11-767C1.1	LINC02022
XXyac-YM21GA2.1	ELF2P3
RP3-410B11.1	LINC01456
RP11-705O24.4	C1GALT1P3
RP11-317J10.2	CA3-AS1
ASB3	GPR75-ASB3
RP11-331O9.3	MTATP6P31
RP11-149I2.5	ERVFRD-3
RP11-243A14.2	LINC01177
RP11-345M22.2	MAFTRR
FAM150B	ALKAL2
RP11-315J22.5	RPSAP31
AC091493.1	CDYLP1
RP11-445P17.8	LINC02561
LA16c-352F10.1	EIF1P4
RP11-266L9.5	LINC02175
CTD-2318B16.2	MTCO3P24
RP11-402G3.5	TEX53
FAM60BP	SINHCAFP1
LINC01071	TUSC8
C14orf23	LINC01551
AC092415.1	LINC01967
RP13-735L24.1	LINC02367
AC018705.5	DDC-AS1
C9orf9	SPACA9
RP11-707F2.2	AKIRIN2P1
CTD-2140G10.1	LINC01495
RP4-710M16.2	LINC01767
AC091654.7	PPIAP82
RP11-513G11.4	LINC02036
RP11-347C12.2	SMG1P5
RP11-159K7.2	LINC02200
RP11-742N3.1	RPS28P7
AIM1	CRYBG1
RP11-131J4.12	OR4A10P
Y_RNA	RNY1P13
RP1-152L7.1	GSTA12P
RP11-107K17.1	LINC01543
AC004797.1	EIF4EP2
RP11-368G3.1	B3GNT2P1
AC092431.2	B3GALNT1P1
RP11-347C12.1	NPIPB13
C9orf117	CFAP157
FAM32B	FAM32BP
RP11-2B6.3	MIRLET7A1HG
C11orf31	SELENOH
RP11-233E12.1	LINC01661
RP11-561G1.3	RPLP1P10
CTD-2151A2.1	LINC02113
CTD-2266L18.1	TMEM251P1
AC007248.6	FAM183DP
RP11-777N19.1	LINC01438
KIAA0101	PCLAF
FAM175A	ABRAXAS1
RP11-18F14.1	LINC01227
RP11-536O18.2	LINC01235
CTB-7E3.1	LINC01947
AC011306.1	LINC01813
RP11-257K9.3	RBPMS2P1
RP11-751A18.1	NDUFB5P1
RP11-138J23.1	LINC02163
CTC-457E21.3	GOLGA2P9
CTB-175P5.4	LINC01224
AC017080.1	RPS29P8
RP11-573D15.2	LINC02043
KIAA1239	NWD2
TMEM8C	MYMK
RP11-572P18.1	RPL21P16
C2orf61	STPG4
AC097374.3	MTCO1P48
KIAA0907	KHDC4
AC091878.1	BASP1-AS1
RP11-18I14.10	RPARP-AS1
RP11-372M18.2	LINC01698
SPATA31B1	SPATA31B1P
RP11-219A15.3	NOS2P4
RP11-168A11.1	LINC01455
CTD-2541M15.1	MCPH1-AS1
RP11-168O10.6	SLC16A12-AS1
RP11-586D19.1	LINC02495
ATP5G1P6	ATP5MC1P6
RP4-723E3.1	LINC01524
RP11-124O11.1	LINC02623
AC109828.1	GTF3C2-AS1
RP11-125N22.2	ZNF970P
RP11-266O15.3	NF1P12
RP11-326I11.4	LINC02427
WISP1	CCN4
RP1-24O22.5	WBP1LP12
RP11-426K3.1	BBIP1P1
RP11-425I13.3	SCOC-AS1
RP11-244F12.3	TPM1-AS
RP4-562J12.2	LINC01285
AC008132.1	FAM230E
AC009499.1	LINC01317
RP11-665A22.1	HERC2P11
RP11-474N24.2	ZNF415P1
TRBV25-1	TRBC1
RP11-883G14.2	LINC02127
AP001465.5	LINC01674
LINC01125	C2orf92
CEBPA-AS1	CEBPA-DT
FAM60CP	SINHCAFP2
RP11-359N5.1	LINC02304
LRRC3-AS1	LRRC3-DT
RP11-162I7.1	LINC02349
FAM230C	FAM230H
RP11-106A1.2	RPL23AP57
RP11-400K9.2	MAPK6P1
CTC-548K16.2	LINC01841
RP11-286B14.1	LINC02607
CTD-2501B8.5	PPIAP55
HNRNPCP5	HNRNPCL4
WDR96	CFAP43
RP11-243E13.1	LINC01254
TCEB1P31	ELOCP31
RP11-526P6.1	LINC02411
RP11-528A10.2	DDX18P3
RP5-857K21.11	MTCO3P12
MIR1302-10	MIR1302-2HG
RP11-687M24.5	PKNOX2-AS1
RP11-682B13.2	PRR13P2
DPH6-AS1	DPH6-DT
RP11-452K12.3	RPL12P27
U1	LINC01783
AC019050.1	PPIAP65
5S_rRNA	RNA5SP524
LINC00478	MIR99AHG
LINC00403	SOX1-OT
RP1-60O19.1	LINC02532
RP11-533E19.3	RPSAP16
CTD-2147F2.1	LINC02253
EMCN-IT2	LINC01217
C14orf142	GON7
RP11-309L24.2	FLNC-AS1
RP11-80F22.2	TP53TG3HP
RP11-346D6.6	LNCAROD
ZBTB12P1	ZBTB12BP
AC105253.1	LINC01247
RP11-483E7.1	LINC01214
RP11-379B18.5	LINC02614
RP11-109M19.3	MTND5P33
RP11-23J9.5	SUGT1P4-STRA6LP
C10orf40	LINC01553
RP5-1185H19.2	LINC01779
CTD-2194L12.2	LINC02117
RP11-517B11.2	BCL2L12P1
RP11-294L13.1	MRE11P1
CCDC11	CFAP53
FAM195A	MCRIP2
DKFZP761J1410	PLPPR2
C19orf10	MYDGF
RP11-142G7.2	LINC01203
RP11-524O24.2	RPL26P27
AC090945.1	IMPDH1P8
AC079776.1	LINC02572
C11orf57	NKAPD1
AC103881.1	LINC01911
RP4-662A9.2	LINC01312
RP11-459D22.2	NDFIP1P1
C15orf60	REC114
RP11-139K1.2	RPS15AP30
RNF11B	RNF11P2
RP11-232M24.1	LINC02010
RP11-601I15.1	RPL22P13
CTC-529P8.1	SH3TC2-DT
RP11-272B17.2	LINC02448
Y_RNA	RNY4P37
RP11-436I9.6	BTG1P1
C18orf56	TYMSOS
RP11-1042B17.5	SALRNA1
RP11-946L20.4	LINC01609
RP3-323K23.3	SELENOKP2
CTA-392C11.1	SIRLNT
C1orf192	CFAP126
RP11-379B18.3	SNRPCP11
SPG20	SPART
CTC-400I9.1	LINC01834
RP11-279O17.1	LINC02152
RP11-757F18.5	TBILA
RP11-390F4.8	ACTG1P14
AC104820.2	LINC01934
AC104024.2	LINC02090
RP11-113E21.1	LINC01520
AC098817.5	DHFRP3
PRUNE	PRUNE1
RP3-322L4.2	BOLA2P3
TCEB1P10	ELOCP10
U3	PCAT18
RP1-97D16.1	GPR89P
IFLTD1	LMNTD1
TCEB1P28	ELOCP28
ZNF670	ZNF670-ZNF695
WAPAL	WAPL
PCNXL2	PCNX2
AC102948.2	LINC02089
AC009336.24	HAGLROS
CTC-479C5.6	DPEP2NB
RP11-1396O13.15	DEFB130D
CTB-118N6.3	SEMA6A-AS1
RP11-40M23.1	RAP1BP2
RP11-221J22.1	LINC02085
RP11-187E13.1	LINC02313
RP11-76E17.3	LINC02207
HIATL1	MFSD14B
SSFA2	ITPRID2
LINC00176	C20orf204
TUSC5	TRARG1
LINC00277	EWSAT1
RP11-955H22.1	LINC02376
RP11-103B5.2	TESC-AS1
RP11-641D5.1	RPL22P1
FAM83H-AS1	IQANK1
AC005594.3	DPP9-AS1
C9orf91	TMEM268
AC073135.7	SEPT14P3
RP11-460N20.5	GTF2IP14
RP11-312J18.3	PPIAP37
CTC-471F3.4	PRR13P5
POTEM	POTEG
RP11-112H10.4	SEPT4-AS1
C4orf40	PRR27
REXO1L12P	REXO1L4P
CTD-3214H19.12	RPS27AP19
RP1-66C13.3	LGALS9DP
AC007292.1	EIF1P6
RP11-459K23.2	LINC01717
LINC00537	DUX4L50
FAM26E	CALHM5
RP13-81N3.2	LINC02366
RP11-419C19.2	LINC02220
RP11-790I12.1	UGT2B25P
FAM74A5	FAM74A1
AC074389.9	ELFN1-AS1
USMG5P1	ATP5MDP1
TCEB1P9	ELOCP9
CXXC11	RTP5
RP11-324J13.2	LINC02383
RP11-332O19.2	RPS15AP29
ATP5J	ATP5PF
RP11-121L10.3	TUBAP2
AC005682.5	SNHG26
RP11-47I22.2	LINC01303
RP13-93L13.2	PA2G4P6
RP11-225H22.5	NEURL1-AS1
RP11-166O4.5	LINC01372
AC006946.15	LINC01664
CH17-132F21.1	IGKV1OR2-118
RP11-141J13.5	LINC01996
AC078941.1	LINC01829
RP11-32I2.1	KCTD10P1
AC090044.1	LINC01266
RP11-443K8.2	SETD6P1
AC012363.7	MTATP6P26
RP11-100G15.2	MTATP6P29
CTD-2139B15.4	LINC02111
RP11-125P18.1	LINC01432
CTB-43E15.2	LINC01942
RP11-317P15.4	LINC01686
RP11-609L23.1	LINC02402
RP11-286B5.1	RPL18P1
RP11-267A15.1	LINC01411
RP11-463J17.1	LINC01596
RP11-152K4.1	DUX4L51
DOPEY2	DOP1B
RP5-827L5.1	LINC01718
RP11-492M23.2	RPL21P93
PROSP	PROS2P
KB-1639H6.8	MTCO2P4
C1orf123	CZIB
UTP11L	UTP11
MIR663A	MIR663AHG
LINC00152	CYTOR
RP11-366L20.2	HMGA2-AS1
CTD-2501O3.3	DYNLL1P5
RP11-519M16.1	LINC02466
RP11-416O18.1	LINC01206
RP11-402L6.1	TMEM108-AS1
RP11-882G5.1	LINC02553
U1	RNU1-29P
RP11-85M11.2	LINC01322
RP11-179A16.1	MIR4300HG
RP11-909N17.3	MAFA-AS1
C3orf72	FOXL2NB
CASC14	NBAT1
FTSJ2	MRM2
RP11-461G12.2	MTCYBP35
RP11-308D16.1	RPL22P23
RP11-109J4.1	LINC02159
RP4-553F4.6	ZNF341-AS1
CTD-2384A14.2	LINC02326
RP11-63H19.8	MTND3P24
FLVCR1-AS1	FLVCR1-DT
RP11-321E2.4	LINC02218
RP11-213G21.1	LINC01259
RP11-94I2.1	PDE4DIPP1
RP11-443A13.5	KCNMA1-AS1
CTA-796E4.3	LINC02559
AC093590.1	LINC01877
AC005863.2	LINC02096
RP13-210D15.4	ETDA
POLR2LP	POLR2LP1
DYX1C1-CCPG1	DNAAF4-CCPG1
AC007880.1	LINC01800
CTD-2042D5.1	NENFP3
RP11-124A7.1	RPL12P20
RP11-88I21.1	PRR20G
RP11-622A1.2	LINC02499
RP11-619L19.1	TCF4-AS1
SEP15	SELENOF
GPR133	ADGRD1
AC140481.2	PRSS40A
RP11-556K13.1	RPSAP19
HFE2	HJV
5S_rRNA	RNA5SP386
RP11-834C11.5	FAM242C
CTD-3187F8.11	LINC01872
RP11-57G10.1	RPL21P92
RP1-111D6.2	TAB2-AS1
RP11-313P13.3	PMS2P7
RP11-439L18.3	LINC01277
GYLTL1B	LARGE2
RP11-412H9.1	NXNP1
RP11-44M6.3	IRS3P
RP11-131N11.4	ANK3-DT
RP11-305B6.2	EIF4BP1
RP11-53M11.2	SEC11B
CTD-2089N3.2	LINC02106
DDX3YP3	DDX3P3
RP11-536I6.1	LINC01267
CTD-2170G1.2	C5orf64-AS1
TOMM70A	TOMM70
SGOL2	SGO2
RP11-673C5.2	THSD4-AS1
CT45A4	CT45A5
RP3-400N23.6	PIK3IP1-AS1
RP11-143A12.3	LINC02199
RP11-292B1.2	LINC02364
CTC-360P9.4	LINC01837
EMCN-IT3	LINC01216
RP1-96H9.5	ATP5MFP5
RP11-32K4.1	LINC01414
CTD-2506J14.1	LINC02325
KIAA0247	SUSD6
AP001065.2	TRPM2-AS
C19orf60	REX1BD
GPR123	ADGRA1
RP11-76E12.1	LINC02291
RP11-167J8.4	SNRPCP14
RP11-112L6.3	LINC01275
GS1-179L18.1	LINC01446
KIAA1045	PHF24
RP11-665C14.2	LINC02500
CKS1B	CKS1BP3
MGC4294	LINC01711
GLYATL1P3	GLYATL1B
RPP14	HTD2
KLHL22-IT1	RNY1P9
RP11-365F18.5	MZT1P2
CTD-2313N18.8	DEFB130C
RP11-475J5.7	MTCYBP22
RP11-313P13.4	PMS2P6
CTA-276O3.4	RPS29P16
RP11-664D7.4	C8orf34-AS1
CTD-3105H18.11	MTATP6P27
RP11-173B14.5	LMO7-AS1
NUPL1	NUP58
RP11-290F5.2	LINC02363
C9orf171	CFAP77
CTB-54I1.1	LINC01944
AC074008.1	RPSAP28
AC018892.9	GPAT2P2
CTC-338M12.2	LINC01962
RP3-453C12.8	NDUFB4P10
RP11-386B13.4	LINC02437
AC000111.3	CFTR-AS1
RP11-624G19.1	ZNF75BP
RP11-701P16.5	MIR3945HG
RP11-387D10.2	CRTC3-AS1
LARGE	LARGE1
RP3-473B4.3	LINC02243
RP11-5P22.1	PPIAP78
RP11-510H23.1	RNF217-AS1
AC079807.3	RPS27AP7
MUM1	PWWP3A
RP11-493K19.3	SEMA3F-AS1
RP11-216N14.1	GEMIN2P1
RP11-328N19.1	LINC02475
CTD-2206N4.2	LINC02079
AC021016.6	CATIP-AS1
WI2-3308P17.2	PRAMEF11
CTB-107P3.1	LSM1P2
AL078585.1	PACRG-AS3
RP11-227H15.7	RPS15AP28
ATP5A1P2	ATP5F1AP2
AC087499.10	LINC02088
RP11-548O1.3	LINC01391
NME2	NME1-NME2
LA16c-444G7.2	LINC02182
RP11-475I24.6	RAB28P3
RP11-438P9.2	PPIAP88
RP11-798G7.4	RDM1P1
NUPL1P1	NUP58P1
RP11-365H8.2	C1GALT1P2
RP11-540E16.1	CCNHP1
RP11-420A23.1	LINC02615
RP11-63H19.1	MTCO3P27
AC019068.2	IQCA1-AS1
AC004706.1	C17orf100
RP3-510D11.2	LNCTAM34A
RP11-392P7.6	GPRC5D-AS1
RP11-572M11.3	LINC02044
CTD-2026G6.2	SNRPCP10
CTD-2044J15.1	LINC02102
Z95114.5	MTATP6P20
RP11-83M16.2	BCL9P1
RP11-567P17.1	MTCO1P29
C6ORF165	CFAP206
EMR4P	ADGRE4P
AL138935.1	RPSAP65
FAM213A	PRXL2A
FAM35A	SHLD2
BMPR1APS2	BMPR1AP2
RP11-492A12.2	SAMM50P1
FAM105A	OTULINL
RP11-240L7.4	HSD17B3-AS1
RP11-353K11.1	CNNM3-DT
RP11-3N2.5	MTCO1P8
RP11-345J4.5	BOLA2-SMG1P6
RP11-434C1.1	LINC01252
CTC-498M16.2	LINC02060
RP11-14K3.1	KIF18BP1
LINC00890	SERTM2
RP11-7F17.7	LINC01629
RP11-298H24.1	LINC02624
GLTSCR2	NOP53
RP11-1053O12.1	FKBP1BP1
GLTSCR1L	BICRAL
RP11-353P15.1	LINC02305
RP11-267C16.1	LINC01630
CTA-85E5.10	HORMAD2-AS1
RP11-23B7.3	CENPUP1
CXorf24	LINC01560
RP11-1070N10.4	LINC02318
RP11-173D3.2	BCAR1P1
RP11-548L20.1	LINC02484
FAM26D	CALHM4
AC113617.1	LINC02263
RP11-148G20.1	LINC02585
ACPL2	PXYLP1
PARK2	PRKN
C14orf80	TEDC1
AC016831.7	LINC00513
AL359736.1	PCOTHP1
RP11-314D7.2	LINC02444
RP1-290I10.7	MIR5689HG
RP11-118B13.1	RPL21P18
AATK-AS1	PVALEF
RP11-481K9.4	PPIAP8
RP11-273B19.1	LINC02358
RP5-1074L1.1	RBM15-AS1
RP5-1112F19.2	LINC01429
CECR5-AS1	HDHD5-AS1
DDX26B-AS1	INTS6L-AS1
RP11-400N13.2	LINC02474
TCEB1P19	ELOCP19
RP11-694D5.1	RPSAP33
RP11-69M1.3	HSPD1P12
RP11-99I9.2	CYCSP23
CTB-12O2.1	LINC01933
AC145110.1	LINC02099
RP11-274B18.2	LINC01506
RP11-429H9.4	PLCE1-AS2
RP5-1115A15.1	RERE-AS1
NOVA1-AS1	LINC02588
CTD-2265M8.2	PLA2G4C-AS1
RP11-889D3.2	LINC02017
RP13-7D7.1	AK6P1
C22orf29	RTL10
RP11-297L6.2	AK6P2
FAM21A	WASHC2A
hsa-mir-1199	MISP3
RP11-480N24.3	RPL12P47
UFD1L	UFD1
RP11-84O12.4	LINC01349
RP11-359G22.2	LINC01747
RP11-2E11.10	MESTIT1
RP11-438N16.2	DYNLL1P4
RP5-1030M6.3	LINC01728
RP11-307I14.3	KLF4P1
RP11-531A21.2	MTCO1P31
RP1-68D18.4	CD44-AS1
C9orf53	CDKN2A-DT
RP11-344P13.1	LINC01691
MKL2	MRTFB
BSN-AS2	BSN-DT
RP11-80F22.7	RARRES2P10
CTD-2528L19.3	SELENOKP1
AL109763.2	MIR548XHG
RP13-650J16.1	DCXR-DT
RP11-545N8.3	LRP1-AS
RP11-25I15.1	RPS27P21
RP11-63P12.6	LINC01504
CCDC104	CFAP36
RP4-591N18.2	MRTFA-AS1
RP11-98N22.6	GTF2IP22
FAM35CP	SHLD2P2
RP11-173D9.5	SEPT7P1
AC114776.1	RPL22P12
B3GALTL	B3GLCT
AC016757.3	LINC02610
AC092570.2	LINC01870
RP11-465B22.5	LINC01342
RP11-190C22.1	RPL10P7
RP11-342A1.1	LINC02430
AC004051.2	ZCCHC23
RP11-113K21.2	C1DP5
AC010890.1	NCKAP5-AS2
U7	RNU7-10P
AC008268.2	GPAT2P1
MKL1	MRTFA
RP11-93I21.3	LINC02516
RP5-1103G7.4	NRSN2-AS1
RP11-490D19.6	TMEM246-AS1
RP11-166B2.1	NPIPB2
REG1P	REG1CP
MAGEB6P1	MAGEB6B
BX664724.1	FKBP4P7
KB-1047C11.1	LINC01298
C4orf26	ODAPH
ZCCHC11	TUT4
CTD-2089O24.1	BCLAF1P1
RP11-162K6.1	RPSAP39
CTD-2130F23.2	LINC02110
C19orf35	PEAK3
NPIPA7	NPIPA9
AC026166.2	MTCO1P5
RP11-968A15.2	SCAT2
RP11-356J5.5	KCTD9P4
RP11-174C7.2	B3GALNT2P1
RP11-252O2.2	C11orf98P1
RP11-170M17.2	RPL7AP50
RP5-902P8.10	LINC01786
AP000525.10	BMS1P22
AC011747.7	ID2-AS1
METTL20	ETFBKMT
RP11-15B17.3	DYNLL1P6
FAM188B	MINDY4
RP11-360A18.2	LINC01613
C1orf222	CFAP74
RP11-713H12.2	PPIAP52
RP11-728C8.1	PPIAP76
RP11-6C14.1	LINC02233
C19orf82	ZNF561-AS1
AC011526.1	PCAT19
SOGA2P1	MTCL1P1
C3orf58	DIPK2A
AC144835.1	LINC02251
RP11-99L13.1	LINC02277
RP13-631K18.2	LINC02547
RP11-23J9.6	SUGT1P4
RP5-1024C24.1	MPPED2-AS1
RP11-293M10.5	LINC01220
RP1-71H24.4	IMMP1LP2
RP11-15I11.3	LINC02608
C7orf34	LLCFC1
RP11-110L15.2	LINC02463
CXorf64	PRR32
KIAA1456	TRMT9B
RP11-752D24.3	LINC01618
AC092662.6	MTCYBP9
RP11-807H7.1	EPHA5-AS1
WDR65	CFAP57
IL8	CXCL8
CTC-558O19.1	MCTP1-AS1
RP11-202D1.2	LINC01917
CTB-11I22.2	LINC01932
RP11-75N4.2	DSG2-AS1
RP11-48F14.1	LINC02052
C9orf96	STKLD1
AC068137.11	MTCYBP8
RP11-335H2.2	LSM1P1
RP11-326F20.5	B4GALT1-AS1
AC115115.3	NDUFB4P6
MTND1P7	MTND2P38
FYB	FYB1
RNU7-163P	RNU7-82P
RP11-16E12.1	LINC02352
RP3-322G13.5	LINC01431
RP11-105N14.3	LINC01953
RP11-989E6.2	BCAP31P2
RP11-255N24.4	SLC4A1APP1
C2orf54	MAB21L4
C14orf79	CLBA1
AURKAPS1	AURKAP1
RP11-778D9.9	HTR3C2P
RTDR1	RSPH14
RP11-181G12.2	PRKCZ-AS1
